name,age,street,city,state,zip,lng,lat
Robin Lawrence,41,393 Alex Mill,New Patrick,Rhode Island,50993,-59.531924,45.991051
Jerry Patton,76,34463 David Shoal,Bellside,California,27257,103.420325,41.9606695
Anthony Shaw,64,744 Potter Row Suite 510,Jenniferfort,New York,21902,175.388741,-47.6434185
Lori Castro,40,358 William Path Suite 766,Lake Arthur,Virginia,34138,-139.828762,-33.1674465
Kenneth Hardin,29,2888 Alan Plaza Apt. 471,Garzaton,Oregon,46076,22.148856,44.058408
Crystal Brewer,66,7110 Wilson Plaza,Candiceberg,Tennessee,58901,-179.601023,57.958019
Linda Martin,35,44806 Hernandez Parks,Port William,Kentucky,34801,52.467273,4.3162855
Scott Williams,38,89574 Roberto Plain,New Michael,Massachusetts,96324,-155.881683,-44.704649
Oscar Spencer,54,64887 Jennifer Highway,Normaland,Indiana,74488,83.614633,-84.659289
Catherine Schultz,40,93722 Flores Causeway Apt. 170,Christophermouth,Connecticut,43306,137.023648,-76.415570
Thomas Beck,72,229 Leon Keys Apt. 865,North Feliciachester,Virginia,36128,-96.634332,-59.3822615
Mitchell Young,19,43298 Sylvia Via,Gallegosfort,Missouri,75011,-153.012671,71.7068115
Madison Ayers,18,6553 Erik Mall,Janicehaven,Nevada,96918,-120.305227,-12.070428
Peter Edwards,34,467 Matthew Locks,Shannonburgh,Pennsylvania,50980,-21.347841,-16.0387185
Michael Williams,46,202 Martha Alley,Joelchester,Louisiana,46635,-139.985204,80.808633
Brandon Cline,19,15243 Ferguson Corner,Lake Larryshire,Nevada,18099,-2.650034,-82.4174955
Annette Cox,42,498 Jessica Lights Suite 159,Riveramouth,North Dakota,52370,96.465302,-67.682558
Sharon Mathis,39,18381 Fuller Extension,Davidbury,Ohio,84759,41.087383,70.1480215
William Liu,64,8187 Williams Viaduct Apt. 132,Jerryberg,New Mexico,98539,35.285462,85.0375995
Heather Mcdonald,45,18023 Laura Roads Suite 919,Calebberg,Mississippi,60406,-158.785507,-76.845965
Shaun Wilson MD,69,36822 Goodwin Ways,Lewishaven,Washington,75206,35.432980,-33.610946
Tyler Carson,39,94680 Julie Road Apt. 056,Port Jeremy,Arkansas,37177,178.805537,64.782224
Brianna Carpenter,36,17211 Megan Streets,Bellland,New York,78838,-139.415932,-66.085804
Terry Norton MD,59,370 Candice Key Apt. 199,Rubenborough,Minnesota,13887,-156.085188,74.634702
Tammy Huynh DVM,43,128 Cynthia Valley Apt. 017,Rachelshire,Maryland,21513,51.941339,14.442880
Jason Strickland,25,8423 Bush Green,New Janet,New Hampshire,70142,31.312911,56.850788
Erin Hall,31,60564 Dominique Manor,East Stephanie,Arizona,25528,-174.656510,-63.929531
Daniel Mason,55,87342 Colleen Forks,East Tinaberg,Montana,84976,26.771869,54.2915355
Robert Hubbard,38,48985 Keller Trail,Laneville,Georgia,45295,78.377093,-51.6978615
Maria Martinez DVM,20,1122 Donna Plain,Tracystad,North Dakota,76647,-171.867564,-49.3743835
Steven Meyer,54,1274 Davidson Lodge Suite 416,Port Dylanberg,Louisiana,65405,-81.145980,15.932516
Justin Carter,57,735 Lauren Cliff Apt. 590,Jennifershire,South Dakota,84768,37.102882,-45.769550
Sandra Lewis,52,6710 Schmidt Light Apt. 745,New Pamelatown,West Virginia,83203,94.420820,62.733356
Hunter Vega,44,3045 Travis Road Suite 835,South Michelle,Maryland,08144,-49.133142,61.4333135
Maria Miller,63,3714 Henderson Alley Suite 692,Sanchezstad,Hawaii,56064,-18.077779,-12.5201285
Jerry Johnson,46,5037 Hunter Junction,Port Jeffrey,Texas,77963,12.507847,-5.853643
Helen Sanders,40,8931 Sarah Wells Apt. 677,Wileymouth,Virginia,45623,-106.893825,81.8401685
Wanda Love,32,511 Wendy Neck,Katieport,Connecticut,56694,126.844052,-52.8045245
Erica Rowe,43,5392 Sellers Mount,North Samanthachester,West Virginia,89488,-83.707445,39.578673
Kelsey Johnson,30,77003 Jeffery View Suite 170,Stephanieton,Michigan,58779,-151.008710,-73.6706185
Angela Floyd,36,062 Reynolds Ridges Suite 745,South Justintown,Virginia,72534,-48.535209,-3.6330335
Melissa Moore,56,4758 Robert Knolls,East Carol,Louisiana,34620,47.304635,23.1924835
Heather Martinez,54,447 Jeremy Corner Suite 370,Lynchhaven,Oklahoma,42813,-86.123018,-18.4092465
Vanessa Johnson,79,9918 Mcclain Court Suite 041,West Yvonnehaven,New Jersey,57209,-164.562324,29.9691615
Chad Figueroa,60,61446 Jordan Gardens Suite 887,Heatherside,Kansas,75136,-70.531059,-89.1950935
Ronnie Long,56,7586 Rebecca Station Apt. 710,New Dominique,Mississippi,74869,135.018420,-20.333393
Eric Anthony,28,34529 Costa Springs Suite 011,North Melissahaven,Washington,81082,-125.429561,8.128194
Daniel Fuller,45,8519 Linda Turnpike,East Ianfort,Utah,93772,-75.529124,65.039270
Brandon Wood,18,9186 Samuel Mountain Apt. 579,Taraview,Missouri,37876,55.157323,-74.444147
Brian Norton,75,1138 Douglas Fall Suite 734,South Michael,Maine,62582,148.338377,-32.3412935
Shane Koch,77,3112 Rojas Union,Boydburgh,Connecticut,07444,-173.580483,-82.566216
Pamela Rogers,31,13306 Sean Square,Lake Abigail,Florida,44087,-106.804014,-24.8681035
Krystal Wood,64,82467 Kenneth Dale,East Jeremy,Oregon,29818,-156.440449,-31.220756
Jared Flores,53,273 Crystal Wall,East Pamelatown,Nebraska,20302,-2.338307,-1.875691
Lisa Grant,64,1681 Erin Mountain,Mariashire,New Jersey,05166,75.733598,71.948465
Miguel Washington III,68,994 Tina Cape,Loriland,South Dakota,61057,121.730240,73.5855245
Cassandra Santos,29,389 Walton Pike,Christinashire,West Virginia,52472,-125.750139,-35.1607895
Tiffany Jenkins,49,47068 Justin Forest Apt. 355,New Stacyton,California,85175,-80.217014,70.8830035
Ryan Kelley,55,8618 Albert Parks,Tinaville,Oregon,44297,-9.931607,-83.3539765
Lindsey Swanson,61,6555 Figueroa Pines,North Jessicaburgh,Kentucky,06060,84.670026,31.321937
George Barajas,73,0892 Adams Road Apt. 242,South Ricardoburgh,Michigan,26011,56.535978,-86.1458945
Daisy Johnson,21,94539 Adam Cliff Apt. 894,Wheelermouth,Maryland,76144,85.417068,18.3787245
Deanna Frank,78,96037 Christian Radial Suite 177,North Margaretberg,Washington,80572,-164.992556,25.6495145
Sara Gonzalez,26,4159 Thompson Landing Apt. 246,Port Kevinshire,Wisconsin,85813,-174.577785,-30.1002425
Sara Palmer MD,53,0362 Andrea Mission Apt. 485,Wagnerbury,Pennsylvania,47870,-21.829435,74.5443385
Allison Gomez,36,3306 Rebecca Bypass,Justinton,Florida,40810,67.772917,75.227815
Faith Knight,71,02735 Cook Garden,Andreaton,Maine,39735,-53.477067,-72.3988685
Bradley Clark,23,353 Smith Harbors Apt. 201,New Jenniferborough,Mississippi,06822,-169.706407,-8.7226045
Dana Snow,29,390 Thornton Rapids Apt. 772,Jefferyton,Georgia,52575,-130.047437,50.2580345
David Wilkins,48,3656 Hicks Valley,Port Nicholasmouth,Colorado,59689,157.384765,63.6686485
Diana Peters,80,456 Amanda Lodge Apt. 569,Schneiderton,New Hampshire,19534,179.796571,41.973529
John Dawson,60,00082 Wright Prairie,Collinsstad,Oregon,51068,52.813404,-24.152648
Robin Morris,69,659 Snyder Inlet,East Nathanielville,California,58980,84.496043,-70.577441
Richard Diaz,64,8978 Elizabeth Cape,Lake Patrickberg,Indiana,11776,125.404483,-45.0005735
Darlene Taylor,42,80713 Miller Village Apt. 697,South Adrienne,Alabama,74111,-161.760086,63.4840125
Adam Austin,79,57466 Sergio Corners,Williamston,Maine,58739,-1.763747,66.527454
Chad Wagner,75,5709 Schmidt Motorway,Andretown,Georgia,21544,93.584293,-17.440021
Andrew Grant,40,9554 Crystal Prairie Suite 132,Matthewshire,Oklahoma,96159,42.594109,-39.8005565
Jennifer Moore,55,19763 Walter Ville Apt. 945,Edwardfurt,Mississippi,28744,115.152687,-50.852726
Isabel Moore,26,3932 Rivera Point Apt. 775,Lake Beverly,Nevada,29749,99.133431,-9.0715385
Jose Hill,56,01451 Brown Islands Suite 000,South Daniellehaven,Oklahoma,33762,165.548188,-54.8037355
Joseph Owens,40,0252 Becker Lock Apt. 559,Russellfurt,Nevada,22049,-83.035932,46.628277
Dalton Rodriguez,53,59688 Baker Inlet,Sandraview,West Virginia,18346,84.602695,-73.3124775
Eileen Cook,23,37383 Black River Apt. 985,North Franklin,Louisiana,21990,1.142147,37.0585215
Roger Reeves,71,2855 Smith Loop,Port Jessicaton,North Carolina,74218,-4.353560,-62.8578155
Jerry Sullivan,61,266 Olson Mall Suite 367,Lake Jenniferburgh,Washington,52197,-96.032517,-11.8351415
Jennifer Shepard,77,44132 Young Mission,Michaelafurt,Georgia,34293,-23.050662,-41.1584535
Latoya Gould,68,48762 Davis Manor,Lake Heidimouth,Mississippi,41177,22.660543,61.0948525
Jeffery Yoder,60,757 Allen Gateway Suite 636,West Sarahborough,Idaho,50755,10.029482,7.287017
Brett Young,54,87837 Julia Glens Apt. 004,Port Peter,Washington,95343,130.315621,-73.4104595
Theresa Ballard,27,963 Scott Vista,Sanchezchester,Maryland,97994,107.018294,89.8746605
Daniel Sparks,31,13001 Morton Crescent Apt. 026,Amandastad,Oregon,92733,141.460022,-16.9636845
Carlos Pitts,60,1816 Gonzalez Street,Port Jeffreyside,Illinois,29119,111.228307,-88.650316
Christina Long,55,4846 Jones Creek,North Tracystad,Connecticut,34882,-89.631911,-59.417624
Sarah Ayala,66,489 Gonzalez Port Apt. 056,Ashleystad,Alaska,52471,-95.755406,65.4926755
Michelle Melendez,54,90413 Christine Ports,Mitchellside,Connecticut,50830,-98.982220,-55.129879
Sergio Martinez,72,10293 Barnes Forks Apt. 443,South Teresa,Nevada,01618,120.645147,-54.2169395
Dr. Kyle Hill MD,44,269 Morgan River,Thomasside,Montana,01882,-4.616638,-3.4490755
Wendy Ryan,40,55002 Garcia Way Apt. 608,Rebeccaland,Iowa,50268,-171.839403,24.1943455
Edward French,79,1656 Tamara Run,New Amanda,Texas,91895,-111.161159,-49.153596
Nathan Williams,32,2805 Fuller Street,Port Ashleyshire,Montana,71996,-168.296072,86.445734
Deanna Reed,37,04372 Ortega Forks Apt. 406,East Christopher,Maine,99077,-174.536108,-13.3825055
Jessica Bryant,49,56091 Bailey Rapids,Mccoymouth,Washington,44564,120.612400,24.263016
Deanna Daniel,75,9630 Solis Streets,East Jeffreyhaven,Pennsylvania,87564,54.094288,64.141456
Sherri Davis MD,79,1881 Angela Well,Port Melissashire,South Carolina,48734,-42.114557,-5.342403
Adam Brewer,32,1751 Benjamin Creek Apt. 824,Zacharyport,Idaho,93628,-37.973965,66.000828
Amy Hughes,55,2821 Bryant Turnpike Suite 450,Hillton,Florida,68143,144.019381,-29.093532
Michelle Welch,22,102 Taylor Course Apt. 304,Catherineborough,Arkansas,45476,-20.375250,85.196460
Sara White,50,569 Alexis Causeway,West Jasonside,Utah,59786,-144.265845,60.138942
Douglas Davis,35,740 Rodgers Station Suite 541,Jessicaburgh,Kansas,34270,118.537499,-40.697019
Carol Sharp,37,034 Vazquez Turnpike Suite 334,Susanchester,Rhode Island,77961,17.962710,44.7920685
Amanda Barber,20,613 Johnathan Highway Suite 525,North Tommy,Oregon,43908,138.778402,53.0144975
John Villarreal,73,42877 Fields Views,Tinafort,Arizona,43146,135.914779,44.669223
Rebecca Kelly,73,0828 Rivera Ville Suite 956,East Joshuafort,Massachusetts,60218,130.118521,-65.393506
Carrie Mitchell,32,7459 Ball Stream,Sallyside,New Mexico,43664,51.103501,23.903763
Erica Ferguson,40,892 Victoria Mews Apt. 064,Sarahburgh,North Carolina,83649,76.378268,-5.7820225
Ronald Burns,19,82424 Olson Crossroad Suite 322,North Aaronshire,Illinois,34260,151.954133,-81.194041
Jeffrey Dean,76,8297 Christopher Garden,South Johnstad,Tennessee,74501,-147.417310,-40.0136545
Diana Wilkerson,21,9772 Joshua Village Apt. 725,New Joseph,Louisiana,72472,-4.027015,-2.430352
Michael Adams,37,68159 Stephens Crossing Suite 515,Kariton,North Dakota,30304,-89.228636,52.8712595
Michelle Rivera,62,401 Lauren Burgs Suite 441,New Raymond,Montana,78481,-27.987065,-11.8487785
Dorothy Wilson,36,422 Samantha Fort Apt. 177,Debraville,Oregon,00888,140.054955,30.582421
Corey Lewis,77,602 Lauren Loaf,Ballardtown,New York,20190,-6.654715,-41.9184355
Carrie Mccullough,36,06528 Rogers Estates,North Jared,California,26699,-156.910039,36.6449305
Sandra Cooper,56,5521 Henry Trace Suite 493,Port Katherine,Nebraska,19604,-149.416611,74.9890605
Robert Kelly,34,39091 Jerry Estates Apt. 761,Leestad,Vermont,93871,-9.092722,-79.7415975
Jay Patton,78,20939 Erin Junction Apt. 913,Candacemouth,Maine,87896,30.297073,-70.272117
Robert Arnold,30,930 Jonathan Wall,Robinsonberg,Ohio,60122,142.901160,-51.9531905
Johnny Porter,34,482 Debbie Shoals,Manningfort,Nevada,20563,1.226665,10.6523015
Janice Lyons,51,61245 Green Coves,South Lindaland,Florida,27977,-139.509170,49.521061
Julie Peterson,27,21127 Bruce Crescent Suite 636,Jillstad,North Dakota,51432,-115.565874,-75.0958035
Lisa Ward,41,4561 Michael Loaf Apt. 683,Manningland,Arkansas,28481,-62.155929,-51.3078095
Angela Rodriguez,80,99161 Richmond Hill Apt. 736,Port Melissaland,North Carolina,86812,-42.948429,-6.670672
James Spears,34,70389 Jamie Center,Scottton,Montana,26163,-176.577832,68.3446625
John Leblanc,49,3429 Guzman Circles,Lake Richardport,Pennsylvania,29413,7.025764,-38.707897
Mariah Wilson,24,353 Cruz Spring Apt. 398,New Jenniferchester,California,83808,-56.328794,-22.1145175
Darryl Bauer,57,805 Kevin Point,Clarkmouth,Idaho,99582,106.647501,-11.6154685
Sarah Cook,25,28175 Kathleen Knoll Apt. 081,Lake Roger,Wisconsin,49641,69.973325,66.364015
Marcus Rios,36,618 Toni Skyway Suite 327,Townsendmouth,Texas,49956,11.519854,32.1267955
Mr. Scott Lane,68,8634 Carter Overpass,Marshallshire,Maryland,48764,-165.719591,64.764571
Mary Harvey,41,861 Atkinson Corner,Stephanieton,Ohio,86518,-46.953493,-85.3612985
Gabriel Dunn,59,499 John Row Suite 360,Juliemouth,Alabama,13090,-56.973658,-18.065278
Lauren Patel,65,0014 Angela Camp,Melanieland,Illinois,30771,-6.094667,-1.5227825
George Russell,33,7333 Gonzalez Avenue Suite 314,Port Jasmine,Tennessee,62577,49.025046,25.861429
Craig Conner,34,42996 Melinda Unions Suite 829,Maryville,Delaware,57545,-29.265784,67.567768
Melissa Richards,18,9205 Perry Dam Apt. 857,West Catherineburgh,Montana,97050,20.681932,47.8864505
Lauren Booth,20,250 Smith Square,Kimberlybury,Nevada,71152,139.051127,41.4148525
Marc Ortega,23,78279 Bernard Camp,Marthastad,Texas,81504,126.974366,-51.650096
Charles Payne,68,426 Shirley Lane Apt. 017,East Marisa,Arizona,40290,74.148664,7.498832
Christopher Vega,36,4620 Coleman Mills,Carlosville,Delaware,35176,-162.419247,-46.144013
Tracy Jones,48,1032 Martinez Plains Suite 371,Smithborough,Oregon,94708,114.789124,65.515822
Gregory Miller,69,0940 Scott Circle Suite 825,Port Roy,Idaho,67990,-113.531502,17.7409165
Madison Rodriguez,35,39504 John Port Suite 166,North Sarah,New Hampshire,76421,-105.484603,-61.374392
Christina Ware,54,76362 Sheila Field Suite 960,Masonland,Mississippi,78914,27.813692,66.846825
Johnny Dorsey,68,794 Noah Trail Apt. 554,South Sean,Oregon,38135,-29.299193,-82.125167
Susan Baldwin,19,31192 Cheryl Crossroad Suite 629,Joshuatown,North Dakota,44261,104.949027,-4.5508595
Gabriel Hicks,38,8446 Nathan Union,Robertfurt,Washington,88740,-139.808161,68.6147775
Christopher Allen,25,38834 Thompson Plain Suite 834,Port Rebecca,Texas,20085,-22.287148,20.2191805
Thomas Russell,31,77745 Wallace Mountains,Michaelmouth,Indiana,45424,-105.186952,-50.6746005
Derrick Johnston PhD,52,85907 Sosa Land,East Bernardton,Mississippi,09177,-1.079009,-76.7387555
Jason Mullins,79,988 Nancy Points Apt. 733,Port Jeffrey,Utah,33769,-3.544565,-24.3272025
Karen Duncan,18,1642 May Haven Suite 395,Patricktown,Hawaii,05528,-126.241691,38.3849395
Debra Myers,61,02641 Wood Falls Suite 601,East William,Michigan,14980,17.771393,-7.2328595
Caleb Lopez,75,735 Smith Trail,West Robin,New Mexico,57203,-41.886962,-56.906993
Ronald Smith,51,185 Munoz Islands,West Jermainehaven,Massachusetts,49441,99.549692,23.309113
Ernest Hoover,26,80080 Joseph Keys,East Elizabethberg,Iowa,05609,-107.272439,74.8059995
Rebecca Johnson,71,550 Jeffrey Rapids Apt. 674,Karenfurt,Oregon,73279,-132.340247,-3.4340715
Jennifer Wilson,74,7662 Cindy Via Apt. 159,Torresburgh,Oklahoma,89401,-130.608422,87.786749
Meagan Gray,70,7152 Jeremy Vista,Thomasport,New Mexico,94543,74.265487,-5.8161625
Michael Wilson,49,8883 Janice Forest,Obrienland,Maine,03717,-29.976634,-37.789342
Linda King,36,588 Gallagher Spring,Rojasfort,Pennsylvania,10757,91.515868,-61.476939
Mario Norris,18,047 Dana Expressway,East Katiemouth,North Carolina,78448,-161.469624,79.8467265
Robert Clarke,34,76160 Joyce Corner,Richardburgh,Iowa,19828,-124.576140,-24.587597
Gavin Dillon,32,9005 Ricky Springs,Barrettmouth,Alabama,27832,40.435388,-10.6116065
Brian Hernandez,42,59250 Bruce Court Apt. 423,Lake David,Connecticut,07560,110.681169,61.1368845
Michael Johnson,74,8843 Horne Vista Suite 747,Port Pamelaville,Wisconsin,28436,-175.009118,-33.8115815
Amber Cruz,21,795 Hardin Freeway Apt. 210,West Jason,Oklahoma,75854,55.620102,38.9405225
Joanna Velazquez,74,3268 Jones Shoals,Holdenbury,Mississippi,48987,27.792913,17.961976
Jackie Clark,27,5099 James Mountain,West Shawnville,Connecticut,21774,-18.189553,3.596782
Robert Thompson,25,159 Christopher Plaza,East Michaelton,Delaware,51526,119.600023,-79.8995115
Olivia Young,30,80214 King Brook,Allenland,Nebraska,32113,-16.955773,-12.641421
Jorge Lewis,27,79211 William River,Wrightview,Oregon,04250,117.414715,39.430740
Matthew Daniels,55,51768 Jason Ranch,Penaland,Iowa,35410,-155.969084,-54.5742055
Sierra Arnold,53,9943 Barnes Fields,Kaylatown,New York,42728,-76.343888,31.5811185
Thomas Frazier,36,890 Tracy Alley,Ashleyberg,Georgia,70073,-29.736157,-52.868325
Brooke Nelson,62,6637 Ball Cliff,Lake Carmenbury,New Mexico,80845,-0.640246,-26.8323035
Kristina Russo,48,7307 Zamora Shore Suite 280,Ellisfort,Michigan,43663,-161.372627,-83.132387
Timothy Best MD,21,342 Courtney Springs,Richardchester,Maine,02338,139.609769,10.1420675
Alyssa Wise,43,621 Hudson Drives,South Shelly,Arkansas,98157,152.965590,-82.309866
Kelly Williams,26,833 Lowe Spur,Josefurt,Florida,67071,-120.747679,46.482599
Regina Chavez,79,1492 David Glens,Donaldburgh,Louisiana,37455,54.765257,17.7717405
Oscar Crane,34,171 Steven Forest Suite 367,Williamfurt,Maine,25638,-126.425587,-48.633622
Amy Sosa,22,7970 Reid Springs,Jeantown,Utah,57838,-11.636587,73.141471
Juan Nixon,58,59770 Jacob Mountains Suite 929,Patrickland,New Mexico,85979,113.189332,-70.5597205
Donna Haynes,52,39252 Nelson Extension,Knightstad,Illinois,34992,137.485590,11.8385175
Allison Gonzalez,44,146 Stewart Glen,Lake Jerryville,Maryland,10782,-52.916808,40.1004615
Mary Smith,58,78740 Roberto Crossroad,Jimenezland,Georgia,81104,-45.165298,-80.621445
Alan Mcdowell,45,46286 Tammie Overpass Suite 112,Lake Crystalmouth,New York,03453,-70.264344,88.5491205
Lisa Young,78,7374 Ruiz Prairie,Smithville,Ohio,71940,-55.778964,81.2205875
Andrew Pollard,50,311 Page Harbor,West Lindaport,Kansas,57568,-114.795634,60.706426
Mike Jackson,76,45267 Fernandez Ports,West Thomas,Massachusetts,22019,89.307427,76.489971
Jeffrey Taylor,34,82955 Nicole Avenue,Lake Andre,Missouri,99914,40.031501,-15.194901
Paul Martinez,76,27275 Matthews Station Suite 463,Allenfort,Wisconsin,01118,-40.071408,-48.7927575
Jessica Jordan,27,712 Wells Point Suite 215,East Kimberly,Arizona,48949,10.411343,-28.4030845
Tina Schmidt,52,96815 Jones Lodge Apt. 495,Williamsfort,Mississippi,36843,-83.360595,12.1363055
Danielle Hughes,45,6134 Jones Branch,Thompsonview,West Virginia,45092,158.406048,0.252056
Margaret Norton,28,4511 Ashley Valley Apt. 561,Williamsmouth,Montana,84075,-174.758205,-36.9427635
Edward Burton,19,25583 Joshua Curve Apt. 782,Meganfurt,Iowa,40116,-33.336876,57.3886875
Alexis Buckley,26,1432 Kristin Path,Teresaview,West Virginia,41064,86.287033,-37.5249025
Dorothy Waters,60,60134 Sean Rapid,Nguyenshire,Texas,82794,135.505380,-59.6181465
Nicholas James,47,22155 Kevin Walks Apt. 828,North Isabella,Pennsylvania,06250,-38.596126,31.9570805
Jordan Rodriguez,45,09451 Sarah Vista Suite 232,East Dylanhaven,New Mexico,12642,8.292799,-60.6712675
Mark Schneider,36,40346 Ferrell Mills Apt. 373,New Kevin,Mississippi,67609,156.456676,-45.1409595
Alan Carter,23,101 Wagner Hollow,Jasonborough,Rhode Island,61743,94.658614,-39.9235045
Danielle Jones,27,25248 Jones Port Suite 802,Port Linda,Florida,22734,54.416383,53.754094
David Jones DDS,75,612 Vazquez Harbors,Mcphersonville,Oklahoma,98351,-28.491252,-42.3610355
James Jones,31,2540 Vaughn Lake Suite 703,West Joseph,New Mexico,95382,-149.035068,-57.619586
Rebecca Nelson,76,700 Harrison Mountain,Nealshire,West Virginia,91808,-134.742576,-35.5816465
Dakota Green,79,89643 Green Grove,Maryberg,Georgia,55456,-173.372101,75.745524
Kristen Daniel,51,64950 Walker Ridge Suite 476,Bakermouth,Oregon,16703,-154.995709,-30.162829
Patrick Carlson,18,54932 Brandon Forges Apt. 518,South Raymond,Utah,37850,41.458649,37.6706125
Mrs. Alexa Martinez,27,96196 Shawn Ferry,West Jessicaside,Arizona,48998,14.581322,21.3797395
Dawn Nichols,56,323 Javier Creek Apt. 995,Robertfurt,New Jersey,31591,-107.139836,-26.5407085
Michael Gutierrez,62,80188 Amber Drives,Port Johnmouth,South Carolina,55426,9.486470,16.776961
Candice Matthews,23,5731 Reed Stream,East Katie,Colorado,83254,84.249174,53.5846905
John Martin,26,3838 Hicks Junction,South Andrealand,Pennsylvania,49286,48.849920,16.625375
Joseph Lopez,80,2813 Ryan Center Suite 569,West Joseph,Ohio,32686,91.467607,67.425675
Robert Conrad,55,007 Lowery Drive,North Linda,Tennessee,63620,-112.918103,83.833217
Hailey Cox,24,70246 Lopez Overpass,South Ricky,Indiana,42831,38.801375,-77.6521985
Ethan Nguyen,51,71054 Michael Groves Apt. 074,Rogersburgh,Connecticut,09178,-30.530008,-64.6759495
Gail Dodson,18,563 Wright Hollow,Moniquebury,South Dakota,80454,143.468865,15.0627905
Mrs. Elizabeth Russell,18,49135 Rita Field,Lake Richardside,Louisiana,84179,-15.543754,65.327097
Vincent Juarez,42,902 Jeffrey Garden,Smithview,Texas,14408,3.061946,28.8154335
Carolyn Love,66,914 Thomas Prairie Suite 025,New Christopher,Montana,79782,14.460884,-66.678885
Jasmine Saunders,78,374 Lisa Oval,Katherinechester,Washington,71621,166.525128,-52.7492275
Carlos Rogers,80,359 Miranda Harbor Apt. 364,New Christopherhaven,Louisiana,07175,154.737597,28.1603055
Peter Williams,67,4764 Brianna Drive Suite 930,West Heather,South Dakota,45491,-142.967442,66.5820375
Tamara Boyd,47,200 Cameron Overpass Apt. 488,Port Jasmineberg,Nebraska,68691,15.625718,4.650332
Steven Shelton,63,98613 Owens Mall Apt. 233,Campbellberg,North Carolina,48869,-63.230442,-73.997356
Matthew Ingram,21,54685 Owens Rest Suite 615,Port Chelsea,Montana,88443,37.282725,16.484935
Cynthia Garcia,22,373 Harold Point Apt. 882,Garzashire,Wyoming,93975,30.421804,61.342477
Austin Gilbert,77,53959 Walters Fords,East Natalie,Georgia,32612,120.208532,-22.7586725
Annette Wilcox,79,6611 King Shores,Weissville,Rhode Island,70210,36.746877,3.9573125
Marvin Snyder,31,729 Smith Gardens Apt. 297,East Amanda,Montana,67203,-80.079921,0.7143705
Amy Arnold,44,954 Stephanie Plain,Glennfort,California,58106,-175.784136,86.838598
Wayne Watson,58,3556 Kathleen Route,Bryanstad,Maryland,22011,97.460455,-28.5617235
Briana Graham,57,209 Robinson Mount,Vasquezhaven,New York,63677,39.672549,-42.328237
Mary Williams,19,54554 Wells Estates Apt. 618,Lake James,Washington,94224,-119.788937,28.4174495
Karl Clay,48,3874 Watson Fields,South Angela,Delaware,15351,-110.698028,-50.4791665
Arthur Good,22,61457 Howard Forks Suite 104,Gonzalezville,Kansas,98078,62.501251,49.3457115
Samantha Mercer,46,041 Edwin Throughway,New Cassandraton,Maine,59342,176.172624,-73.1126675
Alexis Lawson,46,030 Smith Lakes Suite 804,Lopezport,Illinois,87896,76.699257,39.7573015
Becky Martin,27,30042 Gibbs Crescent,Theresamouth,Louisiana,21284,124.596097,7.653255
Nicole Horton,34,165 Andrew Square Suite 777,Robinshire,Montana,08254,94.817037,44.502905
Michael Carpenter PhD,35,198 Nicholas Roads Apt. 564,Lake Amberhaven,Virginia,91324,105.768713,-49.935742
Scott Huerta,57,326 Kayla Spring Apt. 419,West Williamborough,Alaska,65152,-108.070577,-83.732505
Christian Scott,57,05787 Daugherty Crest Suite 334,East Lindaborough,California,17679,-53.342071,22.4254125
Jennifer Silva,66,13713 Daniel Gardens Apt. 555,Morrisshire,Utah,23488,-2.678936,-47.4115595
Terrance Welch MD,31,5025 Guzman Stravenue Apt. 109,Kentbury,Kansas,24626,-122.330976,1.2977245
Kyle Bray,41,107 Sarah Greens,Michaelberg,New Jersey,69125,160.087902,79.8716535
Jose Shepard,23,96452 Carol Shore Suite 105,Sharonview,Wyoming,17385,48.236183,-50.592986
Sherry Maddox,36,715 Wong Prairie Apt. 623,Davidview,New Hampshire,99368,32.119976,-84.0986505
Ryan Davis,68,85229 Lance Shore,Washingtontown,Ohio,56678,135.695256,59.1367525
Melissa Calderon,56,185 Green Orchard,Ashleymouth,Connecticut,01831,-122.097093,5.3222225
Christina Gomez,42,94853 Hughes Road Suite 949,West Melissa,Nevada,01543,140.022662,-3.994815
Nicholas Lee,30,6153 Mullins Curve Suite 552,East Stephanie,New Hampshire,94781,-57.698925,23.321799
Brian Jimenez,68,101 Christopher Mews,Ericmouth,Arizona,00806,4.187099,-29.977803
Jonathan Perez,48,67993 Ann Square Apt. 214,Lake Madison,North Dakota,49878,-115.054973,69.210583
Allen Eaton,75,778 Howard Summit,Jonathanburgh,Idaho,71624,153.539092,-62.827173
Christopher Vasquez,64,217 Olivia Cliffs Apt. 631,New Tamaraview,Ohio,53849,-90.685774,-51.500529
John Edwards,18,89915 Michael Lock,South Melissa,Illinois,19321,36.862458,-64.3901745
Angela Austin,58,7018 Hall Plaza Apt. 116,Robinchester,Oregon,54894,-127.923801,20.8779715
Dr. Mario Costa,73,02108 Nelson Ville Apt. 266,Dorseyview,Oregon,71381,-125.858494,84.2022665
John Harris,32,737 Garcia Drive Apt. 448,Philipmouth,Tennessee,77545,-167.316865,-24.235327
Christopher Mason,36,1355 Richardson Parkway,Johnsonchester,Texas,20261,166.765560,19.369645
Michelle Barker,80,04144 Brenda Burg,Mcclureshire,New York,44058,-156.295301,-43.237353
Devin Roth,47,9238 Gallagher Stravenue Suite 777,Buckland,Minnesota,72883,165.155226,17.405863
Melissa Campos,39,813 Brianna Plaza,West Tinashire,Minnesota,93419,129.951357,38.427513
Andrew Bonilla,40,41645 Jeremiah Street,North Jillberg,Minnesota,36014,-39.141301,19.740199
Mary Stokes,76,40395 Sawyer Flat Apt. 093,Cummingsville,Nevada,72645,155.313148,3.139176
Sheryl Murphy,68,86120 Tara Hollow Apt. 878,Markbury,Connecticut,74687,3.101103,-73.3812595
Timothy Miller,49,53645 Amy Garden Suite 858,Beckyport,North Dakota,01668,49.234195,38.0994905
Martin Mccarthy,77,9153 Clark Alley Suite 959,Davidberg,Georgia,90901,9.906858,50.6363225
Colleen Chavez,51,73331 Brittney Mountains,North Michael,Hawaii,04562,-55.799181,-60.8927325
Nicole Reynolds,20,40005 Maria Passage,Gomezberg,Wisconsin,10000,94.511736,10.029097
Kimberly Bruce,78,164 Lauren Neck,Kennethburgh,New Hampshire,99462,-10.927296,27.1749015
Zachary Howard DDS,62,642 Jessica Knolls Apt. 790,Lake Grant,Michigan,18438,15.958946,67.3219435
John Ross,70,9123 Pearson Drive Suite 659,South Kennethport,Connecticut,75832,85.989615,75.041459
William Jones,39,2575 Cervantes Lodge,New Courtney,Vermont,39017,73.125895,-12.153806
Amanda Avery,36,8429 Krista Square Apt. 298,New Jennifer,Wyoming,34293,66.314328,-23.0218875
Megan Lara,35,5271 Kidd Fields Suite 559,Williamston,Arizona,54898,161.551425,-10.1720515
Steven Knight,64,69287 Stacey Locks Apt. 759,Lake Jenniferview,Arkansas,13595,-66.787819,-74.7884415
Brian Burke,74,808 Bethany Drive,South Isabella,Oklahoma,99363,23.203446,63.858679
Mark Walker,56,683 Reed Prairie Apt. 058,East Melissaton,Florida,57076,61.970737,-40.019643
Stephanie Rivera,35,432 Silva Street,Kiaraberg,Maine,93780,171.611844,-52.171128
Curtis Fuller,76,195 Keith Corners Apt. 023,Nelsonmouth,Virginia,53627,120.172486,22.4455595
Mrs. Alexis Jones,70,66319 Jasmine Vista Suite 253,New Joseph,Wyoming,90479,138.248767,-88.4418425
Catherine Schmidt,33,70925 Benjamin Route Apt. 230,Lake Tyler,Tennessee,76597,-63.906211,38.309740
Margaret Williams,67,77257 Rogers Shores,West Marc,Utah,90354,-147.958218,-70.533799
Christian Johnson,25,0031 Jacob Pine,New Kimberly,Kansas,57132,-117.641229,-23.6173975
Samantha Walton,58,2238 Taylor Stream Suite 771,South Robin,New York,20457,131.292995,47.987846
Janet Hunter,48,30436 Nancy Ridges,Dianashire,Florida,81715,-60.166345,62.441467
Andrea Miller,56,0987 Walker Mill,Rothland,Oklahoma,89036,74.680243,23.381604
Christopher Riley,46,1590 Hoffman Pass,Kevintown,Montana,27214,-84.355987,-63.501532
David Freeman,78,5506 James Roads Apt. 156,Sharonland,Massachusetts,72074,32.091269,33.752577
Brittany Hill,35,47308 John Prairie Suite 561,East Stephanie,Michigan,63032,-29.066308,10.328295
Angel Johnson,65,0459 Nunez Square,Phillipmouth,Virginia,75576,140.164209,33.506593
Zachary Martinez,50,093 Justin Pines Suite 051,Cassandraborough,Vermont,85457,77.775148,-85.563430
Sarah Ellison,39,2635 Smith Drive,Lake Heather,Nevada,39941,-145.378105,66.7945205
Leonard Medina,28,0620 Brian Shoal Suite 884,South Emily,Iowa,37886,-80.232983,6.2772815
Karen Phillips,54,411 Garcia Burg Suite 524,Meganchester,North Dakota,42369,-134.076100,-29.4478265
Linda Clarke,43,4348 Briggs Shore Apt. 346,East Tammyhaven,Oklahoma,87807,-34.006186,-82.160489
Ronald Harrington,19,7434 Smith Landing Suite 890,New Williamburgh,Kentucky,64669,-49.431886,-84.522259
Ashley Andrews,39,984 Burnett View Suite 966,South Harry,Nebraska,35259,135.188387,-10.5906295
David Farley,78,1731 Dustin Road Apt. 409,Lake Emily,Tennessee,00699,-64.986050,61.855164
Patricia Fisher MD,33,0740 Theresa Street Apt. 674,Zunigafurt,Arizona,47437,-25.077427,84.895731
Kevin Collier,63,7260 Daniel Loop,Pageville,Indiana,30689,-62.902565,-78.939106
Julie Russell,31,4071 Jermaine Fords,Kaylafort,Florida,67314,66.629661,18.0868845
Laura Cannon,18,45595 John Viaduct Suite 189,Jasonstad,Wisconsin,22585,-103.822117,76.3003505
Jacqueline Wells,25,77578 Caldwell Bypass Suite 399,Danielview,Alaska,23625,-167.059775,-55.3732205
Marie Carlson,76,5879 Jessica Views Apt. 209,Andrewview,Oklahoma,78083,36.620755,-15.4529085
Pam Bryant PhD,51,399 Michael Burg Apt. 700,West Amy,Mississippi,52842,-8.610829,75.669220
Ian Morris,46,17073 Joshua Station Apt. 175,Lake Joe,Nebraska,25452,-148.558620,-20.8213405
Matthew Matthews,31,041 Hall Neck,Lake Taylorton,Mississippi,19045,140.213967,27.5496755
Fernando Washington,22,8136 Davis Inlet,West Krystalburgh,New Mexico,60065,128.949100,87.509169
Brittany Delgado MD,30,8008 Patel Flats Suite 454,West Nancyton,Colorado,64065,117.947053,-46.840743
Douglas Perez,79,13927 Adams Coves,Krausefurt,New Mexico,90494,68.244524,-35.631602
Matthew Howard,64,359 Perez Locks Apt. 676,East Laura,New Mexico,26086,151.859888,39.5337015
Jackie Watts,52,216 Armstrong Trafficway,Simpsonview,Oklahoma,45906,119.484147,17.4038565
Michael Mitchell,56,95942 Johnson Common,West Stephenmouth,New Hampshire,10552,-74.922666,-37.0486605
Jennifer Wallace,25,38577 Moore Route Apt. 406,Heatherbury,Oklahoma,88347,-159.264973,81.7991935
Jonathan Macias,63,7236 Marcus Mountains,Smithtown,Nebraska,02444,-27.077102,27.904875
Hector Mora,75,5126 Jessica Field Apt. 714,Leeshire,Nevada,60549,-116.602989,1.3899965
Edward Leon,35,83548 Clark Islands Suite 193,Lake Elizabethview,New York,67903,170.966900,71.2790795
James Horton,48,876 Michael Parkways,Hayesmouth,South Dakota,23374,22.560803,-26.1673215
James West,27,17453 Michael Villages Suite 943,Thomaschester,Pennsylvania,05837,92.289146,73.179468
Debbie Lopez,70,4405 Evans Throughway Apt. 465,South James,Washington,16341,-121.673675,63.140739
Jeffrey Jones,62,1988 Phelps Mount,Baileyhaven,Minnesota,72543,134.245825,-85.474738
Yvette Gutierrez,79,916 Joseph Stream,Leachfurt,Alabama,85791,-43.085098,-27.172463
Bryan Potter,66,09798 Mary Terrace Apt. 007,Karenport,Connecticut,31549,-135.087281,66.6808915
Amy Graham,72,61431 Terry Field Apt. 466,New Michael,Nevada,94482,2.066106,17.611682
Timothy Hartman,51,9955 Gomez Flat Suite 732,North Austinville,Maine,90757,88.010880,24.015261
Brian Mcdonald,19,024 Burnett Terrace,Port Garyborough,California,16367,111.399112,-77.083314
Sabrina Perez,38,46686 Joshua Harbors,New Susanmouth,Idaho,72913,-106.543963,-65.1205445
Nicholas Anderson,35,610 Berry Manor,Emmafort,Iowa,42963,166.583139,28.6039135
Cheryl Cardenas,34,723 Harmon Spurs,West Deborah,Pennsylvania,06770,41.145698,-30.506301
Brian Gilbert,51,73327 Rodriguez Rapid,West Michaelborough,Wyoming,49433,27.734413,4.9777785
Martin Bates,27,72155 Brianna Shoals Apt. 282,Melvinburgh,Kentucky,76110,-176.088040,-50.350771
Michael Dunn,29,8135 Michelle Divide,Roseberg,Delaware,57045,-139.240912,68.1893155
Kaitlyn Knight,66,84766 Johnson Garden Apt. 834,Debbiestad,Mississippi,40582,-108.321383,8.360689
Michael Nguyen,27,48372 Johnson Walks Suite 533,North Nancy,Nevada,61935,-68.754660,58.1323565
Justin Wagner,51,7455 Ayala Flat,New Marcustown,Nebraska,37854,-149.847823,60.3796505
Karen Mann,38,958 Sarah Dale,Lake Lauren,West Virginia,96638,-42.965225,26.8601245
Morgan Fuentes,77,826 John Pines,Beardburgh,South Dakota,64812,16.052806,-66.5614385
Travis Kirk,74,18101 Mary Tunnel Suite 598,Howardburgh,Rhode Island,40987,-5.539946,-69.0444555
Joseph Miller,62,987 Jordan Inlet Suite 909,Lake Janice,Arizona,53815,-170.451870,-64.0357825
Daniel Day,77,0923 Sarah Row Suite 412,Haileyburgh,Mississippi,50911,155.420221,89.607003
Daniel Davis,67,376 Watkins Route,East Jackie,Arkansas,27939,-178.259562,-15.291634
Joshua Travis,38,05813 Williams Burg Suite 876,New Melissachester,Illinois,19942,-0.286116,-79.6385555
Krystal Diaz,21,57522 Duncan Pass Apt. 335,South Charlesstad,Texas,88650,-119.773432,-10.1388165
Richard Riley,45,99502 Teresa Meadows Apt. 099,Lake Elizabeth,Texas,30623,-17.149529,9.9657545
Matthew Butler,45,870 Moore Circles Suite 379,Port Rachelbury,Oregon,02803,-35.532414,-68.2449225
Whitney Wright,48,8955 Bauer Springs,Jordanburgh,Pennsylvania,04602,-29.146584,-14.977246
Kim Miller,24,0402 Paul Well,Hahnville,Rhode Island,17826,99.835511,-49.293428
Amanda Cooke,58,184 Renee Meadow,New Sarahfurt,West Virginia,62186,140.196085,82.071468
Daniel Franklin,53,865 Francis Crest,Kaylamouth,Connecticut,89554,64.359554,0.244709
Christina Brennan,74,159 Phelps Road Apt. 946,Evelyntown,Vermont,22030,102.703404,12.4347015
Benjamin Brown,80,85238 Raymond Trace Suite 671,North Christopher,California,44206,8.243841,67.0432235
Alicia Brown,24,290 Dean Villages Suite 943,West Tiffany,Michigan,07993,110.974883,43.575436
William Walker,42,543 Thomas Isle,Keithberg,North Carolina,02670,5.033162,-24.723623
Jason Thompson,32,07836 White Rue Apt. 132,Lake Reginald,Vermont,89427,-35.074419,-22.6156995
Jerry Schmidt,46,428 Teresa Mews Suite 614,New Roberttown,South Carolina,71938,-140.561013,84.479444
Susan Campbell,52,709 Rodriguez River,Garciaborough,Louisiana,99029,147.496727,27.0761155
Arthur Zuniga,28,088 Dawn Rapid,Port Diane,Arizona,33961,10.562554,-14.4274735
Maria Walsh,59,786 Jones Burg Suite 543,West Corey,South Carolina,34084,-51.154085,86.945454
Teresa Walker,42,02087 Johnson Corners Apt. 062,Matthewshire,Arkansas,76513,73.989808,-11.7022925
Amy Black,60,550 Miranda Street,Schaeferbury,Indiana,10638,38.434723,-57.5012535
Luis Lee,29,99449 Steven Streets Suite 455,Williamshire,New Jersey,29893,128.911704,28.7527095
Samantha Miles,52,3292 Ashlee Islands Apt. 969,Melissastad,Illinois,92474,-39.581280,-86.288631
Brady Joseph MD,35,3959 Williams Highway,Stricklandmouth,Illinois,93670,-56.015104,-53.785393
Brittany White,49,343 Frazier Skyway,Port Katiehaven,Wyoming,93625,-93.970466,-65.908527
Marvin Gomez,30,51808 Emily Harbors,Victoriaview,Pennsylvania,33997,-9.774473,-17.880390
Gary Ware,45,192 John Track,New Stacyview,Delaware,19459,-62.725791,-58.3333685
Dawn Walker,79,425 Hill Points Apt. 701,Brooksfurt,Illinois,82426,106.784109,18.931410
William Brown,77,920 Garcia Courts,New Kristinshire,Kentucky,39967,-20.421421,-44.2279045
Mikayla Powell,73,6194 Fletcher Trail Suite 058,Sarahbury,Florida,04991,-84.735731,-28.9572095
Jill Norman,27,3404 Tom Haven Apt. 065,Mortonchester,Arizona,46879,-160.113760,53.8334655
Daniel Branch,59,82929 Jennifer Views,Jeanneburgh,California,96044,146.220346,38.1322215
Laura Le,31,97112 Rubio Locks,East John,North Dakota,81031,101.596919,20.681555
Ashley Luna,75,174 Danielle Motorway,Johnville,Mississippi,63303,30.213949,-60.9017875
Keith Colon,51,997 Lawrence Place,Brianberg,Nevada,73380,48.463754,-72.0837775
Desiree Mendoza,71,86104 Casey Tunnel Apt. 783,New Heather,Alabama,83056,-63.248724,-73.200863
Michelle Carpenter,33,98565 Kimberly Skyway Apt. 938,Millerberg,Maine,63226,151.247143,54.506890
Mrs. Lauren Rose MD,60,17246 Chavez Squares,Hendrixchester,New Jersey,65051,77.586099,-5.329076
Joseph Garcia,72,2831 Anna Island,Stewartburgh,Nebraska,90984,-28.716305,-15.9244345
William Ramirez,64,142 Thomas Drive,Russellview,New Mexico,35961,-135.775084,39.837968
Jennifer Mitchell,28,5934 Danielle Rue Suite 654,Zhangberg,Kentucky,69305,-32.609665,24.6468365
Emily Gonzalez,28,68655 Alexandria Square,South Antonioland,Michigan,02566,-119.492479,21.8887755
Philip Kline,27,54283 Serrano Canyon,Zoemouth,Virginia,97577,-132.441949,23.905331
Deborah Schwartz,53,6461 Joshua Flat Apt. 132,Jacobberg,Tennessee,51706,-32.042885,-67.1947115
Shelly Lopez,76,331 Barrett Estate,Port Mark,New Mexico,63048,47.176828,-69.9668805
Cynthia Zhang,63,89449 Lloyd Port,Gibbschester,Kansas,85844,58.677512,61.113514
Michelle Proctor,23,57628 Bryan Fords,Port Jay,South Carolina,57824,100.291608,29.496600
Ralph Knight,65,433 Ashley Spurs,New James,North Carolina,95452,16.426574,-69.9483335
Susan Hughes,74,42757 Morrison Course,Adamston,Iowa,50755,19.146300,-28.2374615
Derek Dominguez MD,48,26675 Steven Gardens Suite 462,North Javierland,Missouri,69146,-50.609423,-48.054329
Michele Soto,19,969 Stephanie Plaza,Castillofort,New York,34677,61.414843,26.8199795
Lynn Willis,56,10703 Baker Loop Apt. 432,New Thomasmouth,New Jersey,44185,-23.302396,-71.444005
Russell Ward,48,2049 Rebecca Unions,Lake Keithmouth,Rhode Island,54998,133.026033,62.679862
Lindsay Acevedo,64,814 Tucker Road Suite 569,Ashleyhaven,Oregon,82926,-122.993139,79.3597705
Timothy Kelley,66,546 Thomas Corners,New Ronniemouth,South Dakota,78099,99.355118,-42.8019825
Benjamin Robinson,58,8831 Rivera Village,East Ericatown,Wisconsin,84362,78.808532,-54.0322305
Nicholas Moore,54,49210 Ingram Villages Suite 956,Frankside,Massachusetts,20382,74.591290,-59.7536025
James Hernandez,31,7950 Jackson Skyway,Destinybury,Wisconsin,86743,-59.413554,27.907421
Julie Hunter,59,5188 Gallegos Plains,North James,Kentucky,23638,-107.797923,49.7001045
Vincent Richardson,33,339 Wheeler Forges,Port Brianhaven,Kansas,07649,60.846094,48.535781
David Smith,47,239 Douglas Turnpike,Micheleburgh,Virginia,87544,-172.876640,-14.9057695
Nathan Williams,75,81594 Guerrero Trafficway Suite 288,Joshuabury,South Carolina,52720,-22.954468,76.2031685
Joseph Chambers,44,20368 Hannah Villages Suite 255,Port Michelle,Florida,46599,-151.575535,43.433766
Elizabeth Aguirre,25,2545 Michael Run,Timothyborough,New Jersey,53556,81.282844,-47.2102925
Kyle Prince,28,9405 Glenn Estates Suite 636,Jenniferfurt,Oklahoma,18434,168.193267,-39.087872
Elizabeth Dyer,60,524 Keith Mountains,South Elizabeth,Louisiana,12020,-32.373321,26.8224105
Ashley Johnson,75,253 Vanessa Locks Apt. 345,Sandersborough,Nebraska,04379,-25.885638,-80.3018075
Jerry Wilson,61,660 Cassidy Inlet,Stevensview,Maine,08114,-84.453021,87.121260
Madison Pierce,49,58559 Burns Circles Suite 786,East Richardfurt,New Jersey,52966,-128.430927,69.443377
Michael Soto,49,15407 Aaron Stravenue,Georgefurt,Ohio,69560,80.043185,74.8493575
Cynthia Becker,47,9220 Jared Inlet,Riggsmouth,Maine,38497,-20.458406,-41.4233185
Randy Patel,27,48494 Tonya Place,Port Robertville,North Dakota,48945,-108.102142,-4.574766
Bruce Phillips,58,42348 Victoria Oval,East Adrian,Texas,10085,120.293375,-66.6165505
Chad White,52,2674 Nicole Heights Apt. 421,South Ashley,Delaware,17129,48.745201,-46.984257
Mark Delgado,48,19107 Bird Path Suite 371,New Kevin,Michigan,77833,104.301831,-54.4474955
Jaclyn Fletcher,46,5655 Gina Via,Yorkshire,Pennsylvania,21092,135.959717,-26.405321
Matthew Dyer,40,500 Todd Brook,Port Kevin,Wisconsin,35274,-33.561339,-20.527584
Russell Mckay,18,1029 Jennifer Mill Suite 248,North Timothychester,Oregon,54462,-45.123099,66.8420485
Bethany Nixon,57,398 Martin Forks,Kimberlychester,Mississippi,60220,115.849485,9.877894
Thomas Adams,19,068 Chavez Mission Apt. 891,Michaelbury,Wyoming,15081,-146.931928,8.126272
Veronica Carter,29,21198 Hill Unions Apt. 213,Jessicafurt,New Mexico,63884,32.266042,-84.4630555
Nathan Massey,41,6851 Anna Well Suite 125,Hudsonfort,Rhode Island,25698,92.105976,-16.235283
Heidi Thompson DDS,24,6968 William Trafficway Apt. 058,West Randallport,Mississippi,15966,3.248471,-56.6404515
Christopher Williams,77,374 Michael Overpass,Clarkhaven,Oklahoma,66803,124.455550,1.5441705
Dr. Stephanie Johnson,49,665 Delgado Estate,Anthonyport,Massachusetts,33472,-117.410424,-31.6562415
Jonathan Ball,53,22389 Alicia Flats Apt. 936,Port Lauraview,Virginia,13087,-138.063979,-29.0480605
Justin Christian,46,38560 Crawford Tunnel Suite 127,Port Tanya,North Carolina,59859,153.892032,-23.4117005
Benjamin Sheppard,73,36239 Peters Streets Suite 208,North Amyview,Louisiana,01482,-36.949155,-88.500501
Eric Johnson,43,73098 Hill Stravenue Suite 726,Martinezberg,Pennsylvania,55593,-58.727846,-77.565119
Virginia Curry,36,845 Robinson Pike,Martinezside,North Dakota,86890,-69.861194,-17.531083
Roger Floyd,35,025 Larry Courts Apt. 918,Porterchester,Arkansas,91189,-100.208720,81.208461
Elizabeth Branch,25,5545 Russell Grove,Deanton,Idaho,48275,112.836359,-50.910667
Angela Miller,18,751 Mueller Field,West Shannonchester,Massachusetts,77693,164.377206,-5.4410515
Courtney Wallace,26,87758 Williams Alley,West Gabriellehaven,Florida,41101,-57.151546,-15.3392155
Jeff Ford,43,2691 Tina Route Apt. 926,Anthonyside,New Mexico,90889,135.153920,-3.5979535
Miss Tracey Gray,69,9869 Moreno Spring,Zacharyfort,Pennsylvania,03097,-131.614360,83.2940895
Dylan Wilson,57,7446 James Ways,Samanthamouth,Washington,34073,-33.846396,9.550025
Rachel Garcia,56,8003 Rodriguez Mews,East Kathryn,Maryland,05888,-65.893679,-62.432824
Tyler Schaefer,27,025 Willis Camp,West Nicoletown,Tennessee,68168,-40.077500,28.6066045
Hannah Liu,68,3343 Sullivan Junctions Apt. 292,Baileyside,Alabama,98760,118.522822,81.504746
Thomas Flores,70,341 Kristie Brook,New Briana,Louisiana,15453,78.681162,69.998051
Erika Contreras,29,0415 Butler Fords Apt. 633,Brownhaven,Maryland,54124,-172.212206,-55.483185
Tabitha Clayton,53,06358 Kimberly Greens,Pearsonbury,Missouri,43710,-121.664508,-76.8085445
Samuel Moore,61,8014 Kim Port,Ericafurt,Kentucky,98928,167.276051,-46.9844325
Julie Smith,35,7585 Tanner Rapid,North Holly,Minnesota,19105,74.887090,-42.3247055
Raymond Clark,62,7636 Mcdowell Locks Apt. 152,South Kristin,South Dakota,85943,84.480112,6.757843
Charles Sullivan,68,39529 Parker Manor,South Nathanburgh,Virginia,67423,31.463608,-6.2572585
Michelle Baker,80,2012 David Crossroad Apt. 778,Angelaborough,Missouri,25957,-82.938038,28.6644805
Julia Butler,51,3024 Watson Courts,Hallburgh,Virginia,23748,122.123124,5.4846675
Eric Smith,35,52050 Phillips Brooks,Williammouth,North Dakota,90067,-46.476180,31.492304
Erin Tanner,26,1245 Owen Parkways Apt. 929,Thomasbury,Idaho,54456,-70.256346,81.4279015
James Reyes,49,38381 Daniel Harbors Suite 700,Haysberg,California,68900,102.664954,17.0795535
Charlene Wheeler,28,57388 Arellano Valleys,Port Mercedesland,Oklahoma,26779,-168.652258,-42.119677
Randy Mason,72,391 Thomas Vista,East Loriton,Missouri,89528,-159.170572,47.880961
Erica Sweeney,30,435 Gray Track,New Yvettefort,Florida,49856,120.148286,-63.6785965
Sandra Brown,66,7622 Williams Greens,New Cynthiahaven,Missouri,32894,87.568926,-58.8858485
Madison Livingston,69,83033 Elizabeth Plaza,Lake Chelsea,West Virginia,03200,130.611602,29.541529
Luke Benjamin,76,1456 Danielle Trace Suite 219,Michaelstad,Louisiana,34158,169.322906,47.066241
Monica Hall,28,5479 Kenneth Shore Suite 394,Lake Jenniferview,West Virginia,40986,-17.087681,35.9031565
Jill Schmidt,55,43245 Jessica Grove,Robertburgh,North Carolina,55350,11.454270,-51.359330
Ronald Weiss,71,47801 Duncan Way Apt. 763,Boyerbury,North Carolina,19360,-113.912743,-84.8779415
Kimberly Graham,76,675 Cooper Ports,Carrilloshire,Massachusetts,24586,-156.241459,9.3295745
Elaine Browning,63,2492 Brock Rest,Lake Travisbury,New York,52818,13.193303,-47.4879045
James Chapman,46,93890 Warren Rue Apt. 291,North Michaela,Connecticut,89571,26.714082,-20.0550915
Nicole Garrett,74,59462 Tina Fall,Millerview,Arizona,57302,57.944329,-60.3103735
Anthony Baxter,58,43089 Brian Pike,North David,Arkansas,28851,-170.475124,-38.848451
Megan Gonzalez,20,58376 Sanders Vista,Mariaview,Oregon,92391,124.088252,28.1373575
Ashley Shah,35,02762 Kevin Ramp Apt. 777,East Tracy,Alabama,34686,79.323089,-77.255002
Brandy Kennedy,64,2891 Virginia Spur,Jessicamouth,California,68189,82.732112,-48.1342925
Harry Ramirez,60,7485 Rachel Freeway,North Joshua,Oklahoma,89036,49.961068,-46.033857
Michael Williams,61,02464 Gonzalez Ford,East Elizabethport,West Virginia,92049,-146.702828,-21.149794
Martin Gallegos,70,5673 Jonathan Corner Apt. 395,Christineport,Arkansas,06704,-166.083342,-40.536051
Tanya Garcia,42,4940 Carla Ways Apt. 431,Mcclureport,Maine,81055,147.553764,-58.8262665
Christopher Pham,79,8682 Douglas Spring Suite 650,Matthewfort,South Carolina,60214,171.255833,-52.306145
Angela Gray,42,413 Cruz Mountains Apt. 553,Johnsonbury,New Mexico,98190,99.190789,44.613898
Nicole Jackson,37,5156 Carter Skyway,Paulton,Georgia,01036,31.799021,65.5328885
Joseph Daugherty,63,54082 Reid Camp Suite 440,Virginiachester,Maine,03412,-57.637279,61.246783
Melissa Martinez,80,556 Alexander Plains,New Sarahport,Michigan,56000,-0.738970,-12.3422905
Joshua Frye,58,6099 Graham Camp Suite 960,West Chadbury,New Jersey,57944,141.597111,-58.5342835
Matthew Ellis,19,863 Jennifer Crescent,South Lindseyland,California,96580,-4.423468,44.357548
Elizabeth Hill,18,8228 Donna Rapid Apt. 973,South Karen,West Virginia,69401,144.968859,13.174689
William Beltran,73,105 Samuel Pike,Reyesfurt,South Carolina,20636,33.824051,-78.4471125
Jamie Williams,33,352 Richards Meadows Apt. 315,Cookton,Oregon,97603,-98.168704,26.432485
Jessica Patterson,70,71974 Collins Lake Apt. 351,Margarettown,Massachusetts,98313,-40.734696,68.493004
Elizabeth Johnson,62,109 Elizabeth Summit,South Samanthaborough,Wisconsin,59086,-117.793108,-55.539943
Alexandria Thompson,31,9213 Frederick Islands Suite 225,East Kara,Louisiana,85977,156.621357,-47.6471795
Paul Morris,76,6974 Estes Squares,West Gloria,North Dakota,25844,121.155165,-53.364627
Taylor Terry,49,924 Alexandra Center,East Toni,Michigan,59215,89.194720,71.415634
Angela Johnson,73,377 Denise Summit Apt. 005,Mitchellmouth,Florida,58009,-90.074181,15.160200
James Reed,59,450 Larson Ford,Wolfechester,Arkansas,81939,33.297008,86.711270
Shelly Hale,22,7382 Rodriguez Curve,South Thomasbury,Minnesota,52570,0.438121,42.9907565
Barbara Small,18,124 Turner Rapids,Danielside,Wisconsin,80942,37.845698,-89.3853525
Crystal King,39,299 Katherine Views Suite 022,North Catherine,Massachusetts,12153,-71.831378,72.3858105
Brandon Barton,45,3303 Mueller Drive,Michaelmouth,Alabama,78074,74.642552,-88.1944265
Natalie Martin,73,8110 Victoria Hills Apt. 800,East Daniel,North Dakota,97487,-71.787549,19.4122815
Nathan Patterson,40,7534 Jerry Prairie,Andrewton,Oklahoma,38695,-82.406794,12.9753055
Dean Scott,24,9960 Jacob Rapids,Rebeccafort,Montana,78829,177.372533,-76.899441
Riley Bowen,40,684 Garcia Turnpike Suite 346,West Ashley,Idaho,43805,140.843762,-20.1740465
Michael Shaw,20,606 Jessica Wells,Port Ebonybury,Pennsylvania,13151,-128.769294,-56.5825855
Jennifer Davis,62,34625 Diane Ramp Apt. 102,Jasonhaven,Missouri,51687,14.995674,-39.5849215
Regina Davenport,53,0784 Wallace Glens,Stephenberg,Arkansas,28248,-169.701362,-34.000306
David Jones,38,497 Cochran Shoal Suite 483,Stacytown,Hawaii,21289,-167.553294,-61.527219
Dr. Robert Davis,69,523 Adams Inlet Apt. 094,Port Annastad,New Mexico,60552,102.424605,-49.130539
Miss Megan Le,79,48762 Preston Isle,New Christopherbury,Iowa,64206,-81.841701,28.6139815
Kenneth Johnston,34,5207 Bautista Street Suite 828,Port Tyler,Oklahoma,33470,-70.949832,-87.065692
Larry Harrell,64,1569 John Roads Suite 513,Nicholasfurt,Illinois,23063,172.005668,-6.252069
Kevin Esparza,62,10546 Nguyen Overpass,Williamfurt,Kentucky,25903,-150.418539,-17.9812785
Ashley Miller,57,9298 Denise Ports Apt. 050,Port Christopher,Kentucky,21790,-45.312618,-6.782936
Steven Sandoval,23,1363 Galvan Mount Suite 240,North Nicholasmouth,Hawaii,44576,-160.361230,39.667059
Christopher Mckinney,40,9114 Brittney Light Suite 742,Brianmouth,Hawaii,95510,-135.306617,13.426817
Erika Turner,33,86967 Jennifer Burgs,Mccarthytown,Maine,36527,55.449767,-88.217966
Jessica Bates,73,31680 Ellis Keys,South Tracy,Oregon,60766,25.908645,20.2000115
Christian Reynolds,72,50304 Julian Common,North Amy,South Carolina,66219,-162.776346,9.6151385
Yvonne Michael,36,5081 Kimberly Road,Josestad,New Mexico,76471,20.103209,29.8990045
Amy Rasmussen,62,9208 Kristin Pass,New Kathy,Arizona,60886,-144.417539,-27.5982435
Breanna Wood,80,0193 Nelson Pine Suite 593,Melissaton,Missouri,71560,94.525125,14.265136
David Wagner,66,498 Cole Circle Suite 967,Blackview,Iowa,78590,-95.144457,14.9092515
Scott Cooper,22,61101 Michael Burg,Juliahaven,Vermont,16719,158.399309,-10.620981
Denise Tucker,60,872 Watson Crest,Savageberg,Montana,84373,38.181872,68.1216585
Lisa Sloan,72,65101 Mcbride Neck Suite 756,Robinsonside,Delaware,23619,114.891457,-51.6135685
Laurie Coleman,48,39889 Simmons Isle Suite 721,Briannamouth,South Dakota,02035,-83.892886,-50.703821
Tammy Lee,74,7717 Shaffer Locks Apt. 429,South Kelly,Iowa,51242,-90.509884,-70.006246
Kristen Price,37,99823 Pacheco Course Apt. 360,Warnerport,Oklahoma,31348,168.092287,-8.779736
Michael Meyer,32,3117 Stanley Grove Apt. 992,Cherylton,Delaware,55437,39.641619,11.404364
David Carrillo,26,1545 Camacho River,Port Lisamouth,Colorado,40855,87.253839,-63.2603655
William Johnson,40,564 Jennifer Drive Apt. 776,South Marcus,Hawaii,95394,-102.674162,35.9170415
Jennifer Green,43,08929 Donald Road Suite 760,New Brandonstad,Florida,02348,134.537522,-66.996541
Marisa Rojas,70,9702 Aguirre Plains Apt. 206,North Lori,South Carolina,54935,132.255279,58.123986
Matthew Lang,41,205 Randolph Cliff,Smithtown,Kansas,59165,-61.225216,18.5474755
Patricia Riley,28,44947 Mccormick Villages Apt. 607,New Cindyland,Florida,42415,109.513828,-29.481272
Julie Stewart,47,16099 Hodge Rest,Lake Elizabeth,Arkansas,30690,-123.584480,-88.585393
Scott Martinez,80,389 Taylor Stream Apt. 794,Port Brianaside,Michigan,83994,-30.372199,6.3115015
Robert Barnes,21,752 Rachel Club,Jacksonhaven,Virginia,25666,-162.729513,-27.6094115
David Morris,75,64903 Wilson Radial Apt. 526,Johnport,Minnesota,78805,-40.692144,48.422603
Laura Hall,18,26470 Vasquez Greens,East Kendraside,Missouri,19258,-151.985995,-79.4526665
Kelly Garcia,60,1985 Mcintyre Glens,Amandaville,California,76345,36.670103,-34.225725
Kayla Gonzalez,38,2199 Gregory Unions Apt. 933,Kerryfurt,Alaska,06645,47.431424,-18.2534995
Crystal Smith,58,22764 Callahan Hill,Colemanbury,Maine,84912,-60.953254,56.8491245
Wayne Gardner,68,839 Smith Cape,West Monicabury,Connecticut,96037,113.225828,-86.825288
Eric James,44,670 Griffin Summit Apt. 393,Chavezfort,New York,80607,75.345050,-65.1919485
Michele Sweeney,27,0948 Williams Ports,Lake Amandastad,Pennsylvania,50521,3.974273,-57.472489
Mike Washington,68,80664 Jessica Manor,Lake Melissa,Connecticut,97200,27.086231,57.187755
David Roberson,71,42937 Brian Mews Suite 039,Levinefurt,Pennsylvania,23281,66.604008,-35.751729
Paula Evans,25,37123 Mcdonald Mountain Apt. 895,West James,Louisiana,73075,-171.876082,-78.296819
Angela Taylor,72,8019 Walton Fort,Thomasmouth,Alaska,38608,71.434733,77.2421095
Leslie Arroyo,37,28817 Oconnor Burgs,Bonniechester,New Mexico,43085,171.237291,10.497130
Kimberly Hill,41,0394 Jill Tunnel Apt. 303,East Nicholas,Minnesota,29333,117.519266,-87.9619085
Carrie Ball,39,7339 Amber Ways Suite 159,Victorshire,Arkansas,81257,-120.513843,-60.068664
Michele Harrison,69,5526 Clark Heights,Christopherfurt,Wyoming,77979,-67.609699,-30.044609
Jill Preston,22,641 Lisa Ports Apt. 719,Jenniferberg,Pennsylvania,84909,116.149642,-47.5863675
Ann Fowler,30,400 Moore Road Apt. 442,Maryside,Maine,35749,-70.574446,8.3378905
Joseph Miller,58,972 Melanie Hollow Apt. 325,Kelliton,Kansas,39681,-146.904754,2.0430765
Dennis Hopkins,21,83899 Gonzalez Walk Apt. 372,Williamchester,Utah,88664,78.689893,6.093978
Vincent Wright,69,9037 Nicholas Glens,East Kara,Montana,17541,-43.729744,32.485179
Matthew Murphy,19,820 Trujillo Trail Apt. 428,Johnchester,Alaska,35166,-98.812493,3.184756
Sherri Owen,64,4728 Anderson Stravenue Apt. 184,Triciatown,North Dakota,92179,5.834820,11.045406
Lisa Taylor,63,9495 John Unions Suite 909,Jonesstad,Missouri,43774,-168.941486,74.044226
Jessica Willis,19,6428 Brady Camp Suite 676,South Tanner,Utah,68230,-143.795386,78.835172
William Price,53,67588 Price Mountain,Jackieberg,Indiana,94018,-72.851112,-42.7828345
Donna Hartman,77,46770 Sarah Lock Suite 724,North Samanthafurt,Colorado,50485,161.547080,-54.598990
Alan Murillo,49,793 Charles Highway,Curtisborough,West Virginia,45125,16.547480,81.689845
John Robinson,30,04616 Kevin Spur,New Jessicaton,West Virginia,94407,-20.655337,-1.134280
Samantha Jones,23,599 Martin Forest,Alexandramouth,Florida,11201,94.087998,63.0239565
Jose Tyler,43,3727 Whitney Loop,Lindsaychester,Alabama,02050,63.498198,-80.8098425
Matthew Wood,52,9853 Richardson Tunnel Apt. 497,South Natalieland,Louisiana,56628,110.154201,70.257512
Bobby Brown,28,500 Rachel Lakes Suite 078,Lucasside,Nevada,10965,97.375823,0.1023155
Paul Nelson,66,9585 Moore Mall,South Stephanie,Maine,02157,91.329727,-7.783730
Russell Peters,37,416 Bryant Vista Apt. 655,East Cindy,Florida,88090,-170.166930,59.064509
Sierra Snow,43,598 Hayden Cape,West Christophertown,Nevada,28943,-35.076805,47.426481
Jessica Griffin,66,4883 Shawn Green,Jasonbury,Missouri,54066,153.790525,-1.4581175
Maria Wolf,33,102 Christopher Stream,North Cassidyborough,New Jersey,90907,-132.829104,40.297346
Devin York,39,0729 Louis Port Apt. 911,South Robert,Texas,09018,-149.203039,-37.216758
Ashley Jenkins,26,223 Sarah Locks,Dyerborough,Nevada,92208,30.891972,6.5826645
Jimmy Bennett,38,421 Laura Course Apt. 934,Kristenfurt,Alaska,17586,110.480795,34.2054195
Christine Thomas,72,019 Orozco Rest,South Cole,Indiana,06239,-150.621098,-42.0751505
Damon Mercado,33,4397 Natalie Prairie Suite 367,East Linda,New Jersey,26964,143.617904,-31.344042
Anne Taylor,28,26052 Lopez Mall,Stricklandbury,Indiana,94454,80.347777,65.109525
Michael Russell,24,32805 Henry Terrace,Underwoodchester,Nebraska,84247,-109.740904,60.4216775
Jackson Thompson,29,103 Marissa Isle,Port Sandrabury,Hawaii,98137,-101.525506,67.174873
Mr. Kevin Lawson,58,00891 Jessica Mall,East Robin,Delaware,98232,-157.080201,37.501341
Tammy James,33,40119 Thompson Mount,East Kathleenshire,Tennessee,92073,39.748701,-76.7555155
Kylie Avila,43,23145 Christy Inlet,Gregorystad,Michigan,95238,9.532468,37.121126
Courtney Hill,45,737 Beth Groves,West Elizabeth,Missouri,46308,-89.287047,-76.810138
Mr. Daniel Nunez DVM,38,478 Rose Circles Apt. 826,Lake Kenneth,Oregon,56858,-40.472602,72.648202
Alisha Coleman,66,5835 Daniel Centers,South Isaiahland,New Mexico,86908,14.468153,28.760289
Kelly Patterson,28,6221 Kevin Hills,West Timothymouth,Missouri,87685,45.832005,6.5984125
Janice Hanson,18,197 Nicholas Mission Suite 601,West Samantha,Idaho,14652,93.019661,-62.729871
Jonathan Taylor,80,9172 Rogers Burgs,East Angelaville,Virginia,13705,53.598809,64.177400
Karen Hodge,31,67529 Henderson Points Suite 162,Khanville,Rhode Island,32389,-132.754801,-28.046544
Cheryl Coleman,79,17887 Carson Radial Suite 038,Davidstad,Connecticut,07233,19.781300,20.0398535
Darren Bush,34,39943 Eric Circles Suite 269,Lopezstad,South Dakota,79709,124.529114,-47.814072
Jesse Gomez,44,4049 Craig Extension,Lake Victoriabury,Alabama,75834,-138.211067,46.4568375
Laura Woods,46,5155 Graham Center,East Robertaside,Utah,47366,12.380064,6.3649785
Jessica Taylor,66,75547 Foster Turnpike,Cathyland,Rhode Island,19691,130.759160,-55.4828225
Rebecca Rodriguez,56,5265 Cobb Valley Suite 875,Sarahton,Massachusetts,03760,118.262197,61.300232
Jeffrey Hartman,74,586 Tucker Alley,Amandaberg,Washington,34821,-167.658216,-77.7730225
Gabriel Webb,77,459 Matthew Points Suite 111,New Deannaburgh,West Virginia,99135,80.536836,48.9508885
Samantha Hawkins,58,84458 Annette Knoll,North Randy,New Hampshire,26069,-179.872419,61.4443005
Anna Johnson,70,74562 Michael Mountain Suite 145,Port Susan,Minnesota,64842,68.544927,-18.0624475
David Mckinney,51,4774 Jessica Parks Suite 931,Michellemouth,Oregon,84155,-130.563592,-87.479668
Nicole Gilbert,69,439 Cole Avenue Suite 762,West Ricardoville,Oregon,26044,108.859636,3.6761725
Brittany Mayer,31,2666 Calvin Parks,Christopherstad,Connecticut,15679,-41.067987,55.971181
Lisa King,33,0772 Jessica Vista Suite 645,South Randallberg,Iowa,36918,60.225314,72.2238635
Susan Bailey,61,30565 Joanna Brooks,West Nancy,Kentucky,07104,-23.741601,-24.459146
Mark Allen,76,068 Shields Course,Lake Williamville,Oregon,33005,161.025274,88.7555205
Wayne Stewart,33,79153 Carter Greens Suite 736,Nathanfort,Wyoming,29787,177.006272,-83.613723
Melissa Myers,28,630 Young Plaza Apt. 695,Zacharyburgh,West Virginia,74243,88.559131,88.3542365
Tamara Price,24,782 Dana Path,Gibsonville,West Virginia,90165,-5.927488,-83.288389
Brandon Stewart,55,960 Hampton Brook Suite 271,West Raymond,Nebraska,55390,136.298012,7.3714215
Mariah Rivera,77,91937 Ryan Brooks,New Gary,Ohio,12949,140.097733,-60.0223445
Sandra Olsen,45,188 Miller Drives,Ballardhaven,Oklahoma,01926,-115.294985,20.4377415
Amanda Mcdaniel,20,8529 Ryan Harbors,New Charleshaven,Virginia,65262,44.081040,-64.1702725
Terri Clayton,22,0130 Rick Port Suite 542,New Randall,California,62016,67.544958,61.799466
Jeffrey Watson,51,70698 Herring Greens Apt. 260,Kyletown,New Hampshire,40623,78.256750,-81.8615055
Courtney Guerra,36,667 Lisa Parkways Suite 431,Mccormickview,California,26026,-46.777659,60.6264595
Natalie Romero MD,26,07344 Kennedy Rest Suite 853,Mendozaland,North Carolina,52597,1.032266,-41.619716
Joseph Galloway,24,0815 Hardy Trace,North Cathymouth,North Dakota,57527,47.083416,-32.0309545
Gary Barber,54,614 William Hills,South Elizabeth,Montana,96759,-72.223390,-19.3819625
Betty Bradford,33,187 Holland Mills,West George,Connecticut,86807,32.753635,-77.332598
Amanda Jackson,80,92737 Howell Point,Port Robertchester,Missouri,78046,90.559659,71.9947135
Paul Bell,40,522 Newman Centers Suite 845,Lake David,Kansas,59386,-88.295993,-42.294543
Dennis Melendez,70,4697 Douglas Island,Kristenshire,Delaware,07291,-73.404223,-59.2521465
Hannah Moore,67,430 Morgan Roads Apt. 567,Reynoldsstad,Hawaii,63379,-153.657433,85.1363975
Tiffany Berger,55,05810 Petersen Manor,Sanchezfort,New York,68463,1.272366,83.247415
Alyssa Khan,54,25706 Cindy Wells Apt. 230,West Gloria,North Carolina,25153,165.372511,46.2480885
Brittany George,60,71778 Porter Island Suite 126,Crawfordton,Colorado,64914,119.343557,-51.151039
Jessica Nelson,55,753 Robert Orchard Suite 428,New Kirk,Alabama,23341,-137.022581,85.4707005
James Griffin,70,84034 Weiss Flats Suite 063,Clarkbury,Massachusetts,12307,-48.465292,66.3051505
Charles Marquez,33,7483 Mejia Islands Suite 517,Johnsonbury,Nebraska,26401,118.186999,82.856951
John Hubbard,36,7912 Kyle Mall Apt. 841,Brownstad,South Carolina,10901,-101.460433,-85.735617
John Russell,19,76105 Zoe Lights Suite 870,Port Kristibury,Nevada,01764,-69.547994,29.2567375
Nicole Hill,37,53453 Duarte Crescent Suite 819,Brookechester,Virginia,40241,-107.118342,40.336231
Brandon Li,32,7871 Sutton Court Apt. 630,Connerview,Montana,55737,-124.195170,63.7596555
Henry Delacruz,31,990 Heidi Divide,North Andrew,Oregon,14136,-107.426072,-1.4695185
Benjamin Vasquez,45,6021 Michael Curve,Port Suzanne,New York,31867,-106.953331,-20.9053915
James Vazquez,37,9947 Kimberly Station,West Julieton,Rhode Island,78477,156.755464,-80.216989
Lawrence Duran,22,68432 Rebecca Gardens,Floresfort,Louisiana,13589,93.564732,86.991555
Sylvia Williams,22,358 Julia Mews Suite 706,Hendricksfort,Louisiana,06398,-88.208736,-60.7669895
Tara Moran,65,28896 Sydney Springs,Lake Paulton,Colorado,63724,73.155576,-40.8450025
Jenna Patel,22,8475 Vaughn Mountains,Tonyburgh,Colorado,06559,-109.843387,-84.103753
John Jordan,18,5729 Schultz Prairie,North Kenneth,Washington,41058,179.628577,-70.7594715
Brian Solomon,52,0749 Hale Land Suite 295,Gonzalezview,South Carolina,04616,7.311007,82.8924355
Samantha Larson,78,22712 Benjamin Shore,West Rebeccashire,Indiana,92512,-14.497555,-70.854141
Brian Crane,25,462 Perez Lodge,West Jack,Wisconsin,70735,23.140757,-20.7865975
Michael Booth,49,649 Holden Spring,Justintown,Missouri,87187,131.630154,-57.939938
Wesley Bush,26,03390 Summer Land Suite 551,Lukemouth,Texas,50973,-82.002674,39.384464
Thomas Franklin,77,204 Harding Walk Apt. 948,East Danielfurt,New York,47361,-167.489128,-75.298992
Alexa Valentine,72,27651 Barker Squares,South Karinatown,Mississippi,45262,-168.974084,-15.459484
Lisa Wilson,80,311 Carpenter Heights,North Nathan,Wyoming,15500,-151.879421,-24.2864225
Denise Hubbard,79,0032 Valerie Highway Apt. 840,South Janeview,Hawaii,03797,-159.501797,73.2920405
Amanda Le,44,25171 Heather Avenue Apt. 696,Port Mariahfurt,Indiana,51699,-96.878441,-34.1502905
Elizabeth Baker,66,6901 Kenneth Burg,Lake Carolynland,Tennessee,47075,-154.459464,-60.763480
Julia Burton,74,65511 Kevin Station Apt. 968,Welchmouth,Ohio,65037,-60.568038,67.2516165
Tasha Martin,50,64312 Robert Fall Suite 769,North Nathan,Louisiana,98274,-138.173464,-83.474673
Jessica Smith,64,59207 Michael Corners Suite 952,Simmonsshire,West Virginia,45894,-53.733130,14.930335
Erin Marshall MD,18,9622 Simmons Station,Hillstad,Kansas,99073,-127.139541,-28.1731615
James Reyes,70,07046 Garcia Mission,North Martin,Michigan,67168,167.968922,35.0630345
Robert Fox,33,0826 Smith Trace,Paulamouth,Kansas,17116,160.504491,-17.335811
Rebecca Vargas,70,10859 Reynolds Locks Suite 256,West Tiffany,New York,53304,123.959484,-60.805168
Evelyn Wells,20,922 Cheryl Manor,Jacobsfort,North Carolina,63686,171.470184,35.3783275
Rebecca Davis,31,615 Ramsey Course Apt. 085,Smithview,Washington,17461,-19.042391,-83.531757
Joel Sims,59,09660 Lozano Wall Apt. 606,East Robert,Illinois,28527,179.908207,18.977992
Nicholas Lee,54,5559 Danielle Springs Suite 662,Port John,Nebraska,61492,53.078739,8.650905
Billy Rogers,31,70660 Donald Manor Suite 081,Heatherfurt,New Jersey,35210,77.206514,-21.2940205
Wendy Saunders,69,859 Kevin Spring Suite 417,Lisaburgh,New York,23924,157.400688,73.7281525
Amy Mason,77,09001 Mitchell Drive,Lake Tina,Vermont,08502,-108.651872,3.982322
Christopher Torres,44,010 Vazquez Stream,North Daniel,Minnesota,69396,67.346628,-69.659335
Brandon Zamora,26,426 Carla Glens Suite 552,Carolport,Missouri,18998,-22.880585,60.623862
Karen Armstrong,38,9791 April Corners,East Annette,Missouri,01027,140.709728,-62.7203835
Scott Brown,70,8991 Simmons Center Suite 478,East Alison,Ohio,81955,100.463994,78.4601395
Catherine Charles MD,53,660 Rebecca Underpass,East Joseph,Alabama,67489,148.148810,-79.193646
Jason Hernandez,26,5391 Samantha Light,West Laurenshire,Illinois,72844,-125.246612,84.220413
Kenneth Romero,54,56437 Johnson Corner Suite 960,North Andrew,Mississippi,98631,56.072605,83.6284075
Jordan Webb,25,946 Sanchez Shoals Suite 498,South Timothy,North Dakota,31613,-138.567451,-1.1055965
Allen Mcmillan,26,1121 Julie Village,East Donaldmouth,Washington,18022,-61.932239,-38.0957175
Troy Brown MD,58,5184 Kristin Bridge Apt. 950,Johnsonville,Minnesota,41306,-22.162745,66.8207685
Ashley Good,71,53384 Malik Locks Suite 693,Nelsontown,California,15197,152.744322,-21.1200555
Jennifer Young,79,1091 Hurst Viaduct Apt. 962,North Tonishire,Nevada,71962,167.764496,-57.3948775
Kathleen Miller,54,20447 Karen Heights,West Kennethbury,Utah,98688,-91.114925,-69.347867
George Hill,79,9281 Stacie Walks,North Joshuaburgh,Nevada,94981,24.777099,16.658887
Kevin Prince,63,986 Harrell Inlet Apt. 222,New Pamela,Virginia,45723,-155.501733,-47.100365
John Jackson,31,86944 Ramirez Estates Suite 675,Wattsmouth,Delaware,32016,-73.087879,-19.9838475
Amanda Harris,69,96844 Nathan Shore,Port Tinashire,Ohio,49577,6.165052,47.7582005
Keith Luna,27,658 Merritt Lock Apt. 762,Odomfurt,Iowa,24320,-28.890556,-12.7242995
Dr. Richard Ferguson,62,223 Kathryn Via,New Michaelhaven,New York,37199,14.139498,-21.1034025
Christine Torres,30,03647 Diaz Passage Apt. 802,Knightport,Florida,29683,-107.041269,-43.495598
Gary Yang,19,75220 Hill Spur,North James,Mississippi,42979,82.135360,-55.9484325
Leah Davis,56,164 Russell Manor,New Jamesfurt,Indiana,34766,-129.175100,17.574447
Christopher Thompson,66,5291 Cynthia Ports,Sanchezton,Vermont,56724,-93.377425,-14.795339
Vanessa Duarte,77,666 Chan Mews,East Anthonyton,Oregon,05107,141.425534,50.487100
Erin Myers,28,0227 Smith Station,North Danielside,Oregon,36572,165.897451,-71.4168245
Ebony Lopez,22,20004 Bell Place,West Sarahview,Kansas,51449,-96.830946,71.494729
Sheryl Woods,63,560 Patton Ford Suite 114,Tannerville,Kentucky,67230,9.782624,-65.405412
Barbara Nguyen,20,6205 Benjamin Ramp Apt. 976,West Nicholas,Idaho,92671,-45.336069,-82.429389
Andrew Good,80,028 Johnson Green Suite 878,Billyview,Arizona,95142,29.591666,70.4578965
Carly Nixon,60,78969 James Neck Suite 337,Paultown,Massachusetts,70974,-133.340719,-68.147447
Timothy Oneal,45,6237 Norman Landing,East Deanna,Hawaii,70213,-58.056805,-66.8410135
Rachel Castillo,56,94181 Matthew Streets Apt. 709,Currytown,Michigan,81317,22.153417,-31.0315175
Daniel Peters,74,4452 Joyce Trail Suite 715,Sherryland,New Hampshire,18218,-50.071270,84.163885
Michael Logan,53,334 Denise Plain Apt. 070,Jeffreytown,Michigan,34884,4.033543,-39.019688
Mark Thompson,54,7284 Davis Shoals Suite 421,Davidbury,Missouri,57019,132.554862,-52.2388395
Carrie Ortiz,45,26485 Adam Mountains,Kingfurt,Iowa,65250,101.522141,-81.6475515
Cynthia Tucker,24,85726 Amanda Stravenue Apt. 392,Port Pattyfurt,Oregon,53182,160.865738,-57.3068475
Makayla Pollard,55,29127 Ward Route,West Laura,Louisiana,31218,74.925488,64.9932865
Adrian Maldonado,36,2184 Barrera Prairie,Elizabethshire,Maryland,45843,83.258395,22.2552565
Robert Huff,74,6604 Scott Lodge Suite 353,Robertmouth,Indiana,33728,-36.716458,32.8686205
David Lynn,34,9655 Parrish Mill Suite 957,Leonardberg,Connecticut,76257,-14.639922,-5.889068
Timothy Anderson,49,5656 Denise Ridge Suite 757,South Noahville,Idaho,54936,-141.325155,59.868500
Jason Perez,50,4597 Zamora Mountains Suite 881,Perezfurt,New Jersey,62593,-31.249842,6.7346705
Eric Ward,67,650 Valentine Spring,West Elizabethchester,Virginia,62745,166.877118,-79.430498
Diamond White,26,030 Lee Rest Suite 809,Omarburgh,Delaware,83986,166.087991,14.6422805
Linda Randolph,27,3599 Caitlin Gateway,Nelsontown,Rhode Island,03119,58.565577,-1.7980455
Richard Schneider,47,174 John Flats Suite 511,Port Patricia,Ohio,52619,83.726555,-83.4175935
James Martin,62,846 Patricia Ferry,Mariaberg,Missouri,18235,107.444123,-36.121510
Donna Berger,73,1174 John Turnpike Apt. 327,South Nicole,New Hampshire,41113,173.953637,12.744666
Mark Thornton,41,2124 Mark Estates,South Kyle,Alaska,97698,154.006408,54.6713975
Courtney Brown,62,27969 Maria Island,Carpenterville,Alabama,19179,165.610516,-81.452805
Christopher Aguirre,60,293 Fox Route Suite 379,East Janetland,Colorado,48426,-175.885550,29.7693375
Brent Cook,31,6993 Patrick Lake,North Sandra,Oklahoma,15803,-33.919560,57.6624225
Phillip Zimmerman,72,7724 Wilson Canyon,Wrighttown,Mississippi,91957,48.238343,-79.5529235
Amy Carter,64,63537 James Oval Apt. 121,South Nicole,Missouri,05188,177.789741,89.4569645
Danielle Ross,73,6755 Harvey Fork,West Caitlin,New Mexico,41944,163.939606,37.9954005
Anthony Harper,19,818 Wilkins Brooks Apt. 775,Port Dianastad,Wisconsin,39211,-110.478482,-22.8538465
Kyle Ford,22,213 Anthony Motorway,Cherrystad,Arizona,54676,42.336537,-52.6215655
Darren Green,48,633 Anderson Forks Apt. 729,Lake Melissa,Louisiana,86926,40.177181,42.3882345
Matthew Santiago,69,34982 Hogan Mount Apt. 392,Brentshire,Georgia,53945,103.831374,82.8381505
Caitlin Fox,22,106 Ricardo Pass Suite 545,New Pamelashire,Tennessee,40239,-132.260157,59.9180855
Phillip Jenkins,40,38181 Jason Path Apt. 051,North Lanceside,Montana,51351,-67.042488,-42.075450
Jennifer Robertson,24,89563 Mikayla Expressway,South Davidland,California,83894,-16.117447,-86.0100045
Jessica Richards,34,176 Lamb Harbors,South Crystalborough,Idaho,43632,162.944302,43.674612
Brad Kramer,52,94881 Bailey Camp Apt. 788,North Lisa,Idaho,68188,-74.094517,64.867485
Robert Davis,23,625 Phillip Track Apt. 458,East Monica,Maryland,77865,-62.839931,-52.481298
Kelsey Robertson,47,366 Rogers Circle Apt. 044,Patriciatown,Illinois,96565,-56.714803,-40.8192965
Joshua Ward,78,9351 Paul Road,Port Angel,Louisiana,90421,-70.833065,63.7499175
John Woods,77,687 Joshua Fields Apt. 093,North Douglas,Pennsylvania,14724,-140.502314,83.0860275
Rebekah Villarreal,58,593 Hughes Lane,New Brandon,Arizona,72032,-8.970304,-54.532570
Scott Lewis,21,758 Preston Landing Suite 959,East Charlesburgh,Montana,74727,109.387268,-4.0574615
Joseph Schwartz,18,9252 Katherine Mission Suite 930,Robertburgh,Oklahoma,41681,-56.420575,-56.044219
Casey Stafford,46,085 Kara Manors Suite 145,Blairfurt,Missouri,23004,27.389005,59.550078
Paul Johnson,30,698 Olson Club,Natalieville,Colorado,97512,-148.346441,73.980961
Andrea Maldonado,18,8239 Rachel Unions Suite 061,West Heathershire,Louisiana,91619,-91.296730,53.7960505
Dennis Roberts Jr.,73,7425 Katherine Island,Irwinview,Colorado,65700,-70.429346,16.278344
Sandra White,61,667 Henderson Row Apt. 873,Port Tina,Washington,23773,-137.051938,-2.9511725
Sean Fernandez,80,7179 Caitlin Pines,Lake Kelly,Arizona,96598,-138.270949,-88.6237905
Jessica Gallegos,36,248 David Orchard Apt. 315,New Stacy,Vermont,51127,-81.983619,42.264470
Austin Gallagher,42,021 Mejia Bridge Apt. 431,New Teresa,Pennsylvania,82160,2.870418,49.373313
Randy Bass,19,0758 Riley Tunnel Apt. 439,New Brandon,Rhode Island,69317,-112.869497,8.520668
Julie Rogers,41,0276 Bryan Villages Apt. 641,Anitaton,Connecticut,77004,102.116298,31.1138885
Thomas Smith,40,5159 Joseph Lock,North Alexandershire,Delaware,75370,-69.829557,37.076854
Justin Kim,24,8393 Baker Cove Suite 851,North Ericamouth,Connecticut,71377,-90.912780,-89.3642925
Jeremy Perez,54,710 Holly Flat Suite 646,Lake Willieberg,California,98997,-70.931581,61.138417
Sarah Boyd,60,703 Boyd Port Suite 119,Lauraside,Arkansas,20496,-19.802649,-45.408142
Erik Mcneil,51,9102 Jeffrey Oval Suite 750,Lewistown,Massachusetts,72149,126.032031,-86.536408
Joshua Perez,37,891 Merritt Mountains Apt. 524,East Johnnyland,Oregon,72302,11.249775,43.659181
Donna Smith,42,7202 Laura Burgs,Ryantown,Georgia,88084,-37.927080,-2.4074745
Elizabeth Morales,30,8599 Moore Mills Suite 071,Port Sandraburgh,Minnesota,17879,-151.103874,-15.420661
Anne Knight,30,939 Good Bypass Apt. 610,Alishamouth,North Dakota,70664,-107.244286,82.6099005
Andre Farley,74,001 Monica Ridge,Adamsside,Alaska,99936,-98.855552,61.4475195
Matthew Walton,64,8571 William Place Apt. 742,East Laurietown,Alaska,95169,-158.391663,-4.453422
Holly Ramos,63,5045 Moss Crossroad Apt. 421,North Amandabury,Delaware,70567,-72.895215,-65.9560335
Brittany Adams,51,00303 David Expressway Apt. 138,Hallside,Idaho,17623,-16.360656,89.3754465
Debra Lopez,44,77692 Bauer Alley,East Joshuaside,Texas,61425,35.549970,-11.5437175
Grant Wood,20,027 Rhodes Pass,East Theresa,Idaho,19535,-50.405460,52.0857745
Michael Contreras,18,8591 Nelson Ramp Suite 216,Calebstad,Rhode Island,25617,-95.687869,-17.2260345
Joseph Archer,37,8505 Christian Tunnel,West Racheltown,Vermont,90520,126.609251,-19.920124
Robert Weaver,74,548 Martin Inlet Apt. 637,South Steven,New Jersey,95750,108.353566,-81.8633445
James Carlson,53,66741 Williams Mountains Apt. 280,Hartfort,North Dakota,80194,-69.114800,50.0468715
Megan Garza,35,4987 Alvarado Divide,Kevinland,North Carolina,55879,-172.965416,27.026873
Mr. Brandon Gonzalez,39,57921 Jones Plain,East Karen,Florida,08678,173.841885,36.3822395
Aaron Cuevas,42,273 Henderson Square Apt. 242,Ernestfurt,New Hampshire,60257,168.837006,58.214403
Jillian Barber,79,86220 Timothy Coves,North Henrybury,Washington,08582,-162.606895,-3.0404075
Patrick Oliver,76,4095 Johnson Common Suite 214,Mooreland,South Dakota,22330,-150.581457,-5.4408525
John Jones,72,03843 Shepherd Streets,Lake Monica,Minnesota,47600,-90.425516,-57.4003225
Michael Smith,59,700 Hall Vista Suite 070,East Bryanchester,New Hampshire,84304,-126.613339,-81.9857155
Phyllis Pittman,23,35405 Tom Loaf Suite 596,Evansmouth,Massachusetts,14558,131.754054,-33.596590
Christine Martinez,34,87016 Joseph Forest Apt. 263,North Jose,Missouri,84386,53.819134,-58.422451
Sally Wheeler,21,857 Beth Ways Suite 464,Lawrenceshire,Delaware,96097,117.617006,10.2192305
Monica Suarez,75,612 Alexis River Suite 835,Brownview,Connecticut,67567,-115.549763,33.0101845
Amanda King,23,89131 Whitehead Squares,Josephborough,California,51343,-36.395955,83.198900
Robin Wilcox,62,863 Osborn Camp Suite 601,South Daisy,Oklahoma,99939,24.957673,-61.432791
David Allen MD,27,03608 Kyle Crescent,South Jonathanport,Nebraska,11298,-121.414553,-58.711357
Anthony Schaefer,27,644 Isaiah Courts,Lake Jessica,West Virginia,49493,55.095499,-44.0786855
Crystal Reid,61,626 Laura Well,East Candaceberg,Connecticut,90598,140.896602,-61.578651
Sheryl Walton,34,42257 Mitchell Village,Guerrafurt,Washington,44578,137.598548,-89.6563225
Steven Salazar,77,85013 Benson Keys Suite 279,Carolynburgh,Hawaii,23658,-59.019779,69.8683285
Nancy Brown,47,83088 Harvey Shore Apt. 470,Lake Jeffreymouth,Delaware,90314,-68.318498,69.287138
Thomas Brown,78,69075 Luis Parkway,Smithhaven,New Hampshire,97193,144.794968,87.121203
Thomas Carroll,34,46713 Heather Highway,West Sheilahaven,Iowa,74925,53.085948,-55.4899985
Helen Small,29,96008 James Village,Lake Micheleport,Arizona,15001,130.659046,-24.4332865
Andrew Parker,23,96448 Heather Rapids Apt. 687,Fostershire,Delaware,89837,117.112512,77.4955565
Allison Williams,27,57485 Nathan Cove,Lake Sharon,Minnesota,12301,-162.793325,28.8875785
Mandy Stafford,27,109 Gibson Locks,South Sara,Indiana,22742,-121.373450,-40.7349225
Debbie Sutton,67,15464 Samantha Forge,South Matthewtown,West Virginia,76275,112.201988,-86.2672005
Darlene Cooke,54,15534 Bush Summit Suite 009,West Trevor,Nevada,93660,57.961387,-11.4846865
Lori Hamilton,35,539 Dylan Avenue Suite 151,South Stephanie,New Mexico,31161,-156.130216,24.316760
Sarah Baldwin,41,15024 Montgomery Rest,Kellieside,Indiana,52611,-0.941995,58.6696725
Casey Craig,42,6572 Wilson Inlet Apt. 109,Lake Theodore,Wisconsin,46608,-114.209370,-23.290963
Paul Hernandez,63,0026 Weber Loop Apt. 550,Stephenville,Georgia,37759,-64.300129,49.612496
Kristina Shaw,78,3474 Evans Falls Suite 034,Markshire,Indiana,71310,-72.026879,-3.3579395
Mark Smith,75,8543 Hardin Trail,South Dianeberg,Arizona,74207,70.420805,57.6765685
Thomas Davis,30,81408 Kathleen Passage,South Mitchellberg,Pennsylvania,73910,-106.645843,3.736584
Nathan Le,64,20449 Higgins Curve Apt. 013,East Christopher,Massachusetts,68975,-140.436117,34.992028
Amy Nelson,41,1806 Jamie Ville,Lake Erikfurt,Kentucky,37180,165.199681,-28.185428
Jonathan Santos,56,53987 Teresa Inlet Suite 840,South Amy,California,77077,27.990701,-40.175822
Emily Palmer,73,8703 Miller Vista,North Derrick,Georgia,05766,89.667811,35.6604865
Kara Snyder,26,36960 Stephenson Pines Suite 572,Jimstad,Nevada,92999,63.749318,-18.393250
Brian Gibson,74,7231 David Island Apt. 050,Port Martinfort,Illinois,32251,133.134616,80.020139
Dillon Larsen,49,9054 Moore Estates Suite 986,Jeffersonbury,Florida,89441,13.246055,-61.679602
Christian Holmes,77,90716 Wendy Estates,South Kristy,Louisiana,06983,79.397917,41.7015905
Dawn Schneider,63,146 Laura Prairie Apt. 406,Lake Mark,Minnesota,34003,148.169692,83.6433835
Clinton Ayers,22,131 Edwards Burgs,Mcgrathfort,California,37424,80.680568,77.186881
David Ortiz,44,2436 Gonzalez Rapid,New Brendan,Kansas,39277,45.699265,-62.858869
Christina Parker,58,31329 Yolanda Streets,New Christophertown,Rhode Island,39797,87.098589,61.7606125
Rachel Molina,55,376 Aaron Station,Port Eugene,California,42883,-42.743646,19.839016
Joseph Evans,38,0882 Anthony Field Apt. 330,Travischester,South Dakota,50440,80.393770,64.703320
Kelly Tran,33,7565 Michael Spurs,Pottshaven,Minnesota,09744,47.167221,-52.251816
John Howell,37,5651 Philip Circle,West Alexis,Indiana,08678,-131.988776,52.7755145
Robert Allen,52,2839 Katie Groves Apt. 371,Lucasstad,North Carolina,14473,164.800568,63.3454935
Mary Robinson MD,77,41207 Brown Springs Apt. 585,Port Patriciaburgh,Indiana,71907,-96.853406,80.3341225
Joshua Walls,59,97883 Mark Inlet,Moralesshire,North Carolina,13456,111.073593,-41.086467
David Baker,27,09303 Holloway Haven,North Crystalfort,Tennessee,78050,49.266424,4.077790
John Farley,46,9402 Brian Stravenue,Lake Brian,Oklahoma,31790,-179.361643,36.191592
Benjamin Soto,63,8102 Jenkins Islands,Ballshire,Colorado,08473,-102.917889,-67.930295
Christopher Richardson,70,4384 Scott Lakes,New Seanshire,Hawaii,88696,59.617678,52.8328485
John Montgomery,19,951 Gregory Turnpike Apt. 401,Lawsonville,Mississippi,61721,-74.252007,-30.3445525
Jacqueline Dougherty,43,166 Martinez View,Lake Timothyhaven,New Jersey,07581,87.409793,37.262753
Veronica Wolfe,41,780 John Turnpike Suite 571,Annmouth,Maryland,61205,107.771538,16.494640
Julie Williamson,78,7748 Alicia Mountain Suite 264,South Ericview,Wyoming,69739,134.646334,67.7732715
Victor Wright,31,9147 Schroeder Islands Apt. 868,East William,Idaho,76173,-152.768473,33.703999
Alison Nichols,18,60262 Hill Centers Suite 406,Port Alisonburgh,New Hampshire,84998,-176.780971,73.751541
Lisa Mcconnell,34,7971 Edwards Coves,Hornhaven,Arkansas,36885,11.207428,-68.5121315
Robert Knight,70,504 Smith Prairie Suite 310,East Kimberly,Oklahoma,94840,115.645749,-36.8082935
Shelly Martin,47,3159 Stanley Greens,West Paulside,New Hampshire,52460,145.725136,68.388784
Kristina Allen,37,28797 Stephanie Mount,Lunaville,Ohio,48073,-163.058260,-18.9244695
Christopher Brooks,57,7553 Medina Unions Apt. 539,Leahshire,Alaska,41328,-44.612270,-16.7721975
Paul Farmer,74,1778 Eric Oval Apt. 548,Strongmouth,Nebraska,13680,-136.089271,68.886413
Lawrence Edwards,33,6060 Kimberly Path,South Steven,Mississippi,84591,-125.876665,76.5246055
Jennifer Brady,43,5567 Victoria Prairie,Walkerport,California,03206,-64.291590,-75.375930
Anthony Stevens,55,7642 Peck Roads Suite 620,North Christopherborough,West Virginia,92358,-42.492765,-44.322492
Michael Smith,67,597 Jacob Highway,East Christopher,Indiana,01693,-12.467049,71.938182
Mason Herman PhD,75,5010 Jennifer Flat Suite 856,Juliaburgh,Michigan,93962,-10.055657,19.7926975
Anthony Rose,68,3144 Scott Burg,Williamborough,Tennessee,18636,128.188848,-79.7646345
Elizabeth Benson,65,6338 Angela Lodge,East Traci,Maine,79359,65.036903,-7.9008845
William Contreras DDS,40,5402 Katie Throughway Suite 120,North Steven,Arizona,68232,-76.769701,-77.2548695
James Wells,24,813 Bianca Lane,Waltersstad,Maine,80267,84.053950,-5.6093675
Stephen Willis,57,7084 Bird Hills Suite 693,Bartonstad,South Carolina,12614,-2.336409,45.8815115
Kathryn Young,64,90479 Denise Pass,Lake Robertton,West Virginia,63998,-85.210190,-36.868822
Alexis Barnes,71,3304 Smith Villages Apt. 476,West Kevin,Delaware,76677,10.751266,57.374453
Pamela Mills,38,2187 Curtis Common,Rebeccaland,Kentucky,32131,-22.186847,23.691368
Haley Harrison,70,06921 Simpson Neck Suite 010,East Shane,Montana,01611,-124.174633,-36.3741025
Mercedes Nichols,64,814 Thomas Islands,Martinezville,California,98365,50.401593,-11.522245
Gerald Thomas,24,0377 Corey Cove,Williamsmouth,Kentucky,20320,-131.984677,21.0584285
John Levine,35,0208 Miller Falls Suite 621,East Ariel,Wisconsin,65760,5.189467,-25.888141
Gina Lam,29,34331 Charles River Suite 218,Timothyton,Oklahoma,88500,-60.471814,54.0073395
Michelle Green,66,07246 Garcia Stravenue,Sotochester,New Hampshire,56949,-176.619761,-10.042792
Amanda Butler,41,61279 Richard Shoals,Fosterfurt,Michigan,29773,133.965043,75.0466835
Rodney Thomas,53,741 Richardson Lakes Apt. 750,Hughesburgh,Wyoming,46393,-52.702799,-83.5853935
Jason Hunter,22,601 Barbara Valley Suite 315,Rachelhaven,Montana,25354,36.289178,41.154664
Jay Martinez,20,86453 Wright Plains,Jamesmouth,West Virginia,97135,-98.386201,-11.1597985
Nicholas Richardson,24,696 Johnston Trafficway Apt. 127,North Lisa,Arizona,77145,106.889251,18.4605215
Nancy Thomas,55,2275 Mary Knoll Apt. 017,Lopezhaven,Maryland,46247,-38.608876,14.5378385
Sherry Mclean,69,50431 Candace Burg,Port Joe,Vermont,03033,127.693715,58.721596
Brandon Robles,19,055 Robinson Greens Apt. 748,Whitemouth,New Mexico,02262,-106.171883,-32.1942275
Rebecca Rodriguez,57,78921 Mack Extensions Apt. 072,Janetchester,Iowa,26802,-174.656710,12.893771
Tony Mack,59,679 Julie Flats Suite 272,East Maria,South Carolina,00837,-39.884849,2.815532
Bobby Morrison PhD,53,3819 Gilbert Haven,Hallburgh,California,30862,75.443921,-60.3013745
Donna Williamson,25,33633 Mitchell Pines,West Anthonymouth,Arkansas,38543,107.641040,33.0187635
Sean Browning,55,7753 Kara Crest Suite 018,New Debrashire,California,83471,-29.672548,-32.528708
Mr. Kenneth Hardy,34,13378 Hall Road,East Melissafort,West Virginia,39898,86.996138,68.8986305
Laurie Rose,24,798 Thompson Causeway Apt. 856,Davisport,Florida,33215,87.606278,20.6840435
Leslie Eaton,32,2811 Karina Alley Suite 332,East Cassietown,Iowa,73201,162.753551,22.995283
Brittney West,45,3510 Laura Greens Apt. 426,Gilbertborough,Tennessee,31631,122.047126,-48.481515
Christopher Leach,27,950 Rodriguez Manors Apt. 688,Jeremyhaven,Wyoming,83584,54.257786,-31.787428
William Simpson,32,142 Daniel Villages,South Travisview,Nebraska,91002,123.949708,12.8037225
Amy Hall,37,7920 Cordova Lights,New Coryhaven,Hawaii,01019,-132.504006,46.316716
Maria Simpson,63,9145 Mccormick Plaza Suite 475,Christopherborough,Maryland,45215,-53.404369,-36.860626
William Melendez,36,02141 Monique Bridge,Barrberg,California,93402,-178.896557,-56.2561705
Felicia Lee,72,014 Hunt Hollow Apt. 614,Kristyburgh,North Carolina,84894,51.205982,41.5560325
Matthew Greene,32,62976 Nelson Forges Apt. 287,Angelaport,Arizona,98202,-19.360608,-79.2794505
Caleb Pittman,45,2731 Zachary Meadow Suite 165,Lake Marissa,Indiana,57895,-15.034225,0.3751605
Barbara Garcia,51,0777 Morris Row,Brownfort,Utah,89463,-174.875498,40.933972
Lauren Reyes,51,5843 Thomas Shoal,Carterside,Kansas,79681,9.322181,69.517375
Jason Cole,44,521 Christina Pines,Larsenborough,Virginia,46688,81.460067,-75.185051
Amy Kelly,40,82109 Brandon Meadow Apt. 758,Obrienfurt,Delaware,57261,-98.296970,16.456070
Brandon Patel,21,6839 Matthew Island,Port Willie,Oregon,80610,33.782078,54.8809515
Sarah Jordan,64,0491 Rogers Trail,Andrewfurt,Tennessee,84014,46.659286,25.0659855
Katelyn Gibson,71,344 David Loop,North Christian,Louisiana,86503,154.762539,75.1756295
Jerry Lynn,72,072 Jaclyn Hills,Rogerborough,New York,41698,36.603483,53.0747915
Scott Duran,62,72545 Mccoy Crossroad Suite 564,South Mariaport,Vermont,47342,-172.526212,53.1971795
Linda Anderson,35,630 Amber Canyon Apt. 060,Cynthiamouth,Illinois,89422,-52.517540,-53.9672375
Heather Espinoza,61,09195 Macias Road,Lake Jeremiah,Connecticut,55251,-156.887220,-29.2263775
John Martin MD,22,955 Luis Parkway Suite 302,Franklinton,Minnesota,45995,-109.498539,18.973956
Kathleen Price,30,220 Chandler Centers,Pereztown,Wyoming,41099,-159.213798,22.449676
Robert Morris,53,659 Samantha Common,Port Judy,Maine,50343,-48.021431,-51.283839
Brittney Hartman,19,51914 Stephen Spurs Apt. 009,North Marissaberg,Pennsylvania,43567,110.548875,57.769257
Barry Howell,19,78968 Yang Via Suite 336,Lisafort,Pennsylvania,68881,-96.032980,-18.229917
Paula Pineda,35,18896 Andrea Dale Apt. 214,North Eric,Oregon,68170,-162.189192,-46.1232885
Megan Lawrence,38,31860 Stevens Crossroad Apt. 755,North Paul,Massachusetts,79277,-133.930664,24.689645
James Haynes,23,4837 Vega Parkway,Mollyfurt,Colorado,21917,-142.305517,-53.0526245
Jillian Hodge,23,841 Cindy Tunnel,Davidside,South Dakota,89431,-113.146153,20.097260
Carrie Ramirez,40,2475 Rogers Junctions Apt. 463,Lake Johnview,Washington,70461,-162.823047,30.2584585
Jason Anderson,28,886 Brown Fork Suite 926,Lake Alan,Alaska,24484,-159.514588,29.1715445
Randall Robles,54,502 Kenneth Valleys,West Shannonton,New Mexico,15071,52.731253,-62.709849
Sarah Golden,77,54532 Brown Ramp Apt. 687,South Daryl,New Jersey,65123,140.835541,-61.601233
Kim Baker,52,007 Parks Vista Apt. 804,Castilloton,New York,62807,-106.736349,-43.433688
Ryan Norris,79,613 Smith Valleys,West Cynthiahaven,Montana,67814,51.516584,-50.5948505
Stacey Smith,75,199 Salinas Lake,Williamschester,New York,64965,83.413855,-73.1913115
Kristy Calderon,35,782 Jennifer Camp,Richardsonstad,Ohio,04694,-157.988055,-59.9657895
Robert Salazar,73,2525 Jose Isle,East Timothy,Alaska,38023,146.346708,79.6645875
Amy Martinez,57,186 Howe Fall Apt. 870,South Benjaminbury,Hawaii,29096,-157.811799,78.417475
Amber Rivers,41,3425 Randolph Underpass,Rebeccaview,Louisiana,17032,15.338356,15.0112905
Melinda Moran,34,6490 Flores Via Apt. 377,Lake Tiffany,Florida,19413,-83.648041,9.599423
Ivan Wilson,44,27786 Hughes Loaf,Gonzalezside,Wyoming,10119,48.227420,-38.3143745
Megan Baker,43,629 Johnson Hill Apt. 137,Marquezburgh,Alabama,56532,-127.360003,-58.5408295
David Simon,75,83414 Amy Manors Apt. 020,Lake Richardfort,Georgia,15767,130.175114,-37.6179275
Michael Johnson,60,78123 Melanie Cove Suite 464,Mitchellburgh,Massachusetts,28470,-0.459124,87.631843
Michael Fowler,21,54908 Cohen Lodge,Leestad,Delaware,73101,123.730153,23.011228
Jason Jordan,33,38135 Villarreal Spring,Walkerchester,Florida,48416,-106.804583,-42.2943435
William Burton,67,60050 Garcia Via,South Jennifer,Maryland,51798,-89.422744,49.8773215
Tyler Graham,26,8448 Samantha Plains,Brownberg,Iowa,34123,-64.519832,-19.5172355
Matthew Vasquez,36,79510 Douglas Lane,Yoderland,Iowa,75958,10.379649,58.685286
Jessica Lewis,58,37504 Kelley Inlet,Mindyberg,Idaho,96762,-110.806925,-43.1640225
Shelley Martinez,61,977 Angela Valley,North Debra,Minnesota,87920,118.303938,2.2045675
Danielle Adams,19,463 Michael Rest,North Ellenside,Hawaii,67362,89.475451,-9.281896
Jim Gates,46,6077 Alyssa Throughway,Sandovalview,Nebraska,50065,-115.177753,18.4406135
Rachel Martin,50,73107 Joseph Circle Apt. 183,East Gina,Hawaii,33043,141.869668,-16.2384445
Michelle Reese,56,488 Carr Run,New Nancy,Louisiana,36385,-156.428482,30.4262105
Kevin Beltran DDS,41,1076 Cunningham Harbors Apt. 992,Wilsonfort,Utah,36978,71.571736,-37.050860
Gregory Green,68,349 Samantha Groves Apt. 394,Buchananstad,Alabama,69113,133.907366,32.092953
Scott Cordova,73,16183 Roberson Canyon Apt. 623,Johnsonland,Kansas,33694,134.501476,33.7311865
Gerald Huang,60,18983 Bruce Branch,Hernandezside,Maine,28552,103.587203,12.3957645
Derrick Salazar,24,10958 Christina Camp Suite 127,North Gregory,Idaho,26289,75.852936,-43.3262685
Elizabeth Rogers,48,98418 Parks Valleys Apt. 039,Jeremytown,Mississippi,67386,93.812428,-5.575307
Lori Jenkins,32,10928 Joseph Throughway Suite 049,Ericchester,Alabama,74775,51.032541,-12.897772
Darrell Gould,52,54632 Mclaughlin Causeway,Jesusborough,Georgia,53508,-123.731894,70.5082725
Victor Mcclain,21,57150 Charles Overpass Apt. 432,Port Laurenport,Texas,41627,7.949356,-57.499837
Brianna Anderson,70,0316 Bean Extension,Port Yvonne,Vermont,18428,-115.075592,-9.274197
Mark Roberts,41,870 Brooks Orchard Suite 238,Michelleview,Arkansas,65524,139.240757,0.5889895
Tyler Chapman,18,44460 Perez Stream,Jessicastad,Georgia,29893,65.878395,74.8489205
William Mcfarland,78,562 Reed Squares Apt. 837,Lake Carrie,Nebraska,93100,-169.582897,-70.0698855
Natalie Oconnor,43,6532 Brooke Cliff Suite 074,South Zacharyborough,Rhode Island,82580,162.863218,-88.151598
Heather Phillips,55,875 Torres Inlet Suite 141,West Sophia,New York,46191,128.040403,-88.291562
Todd King,33,50829 Patrick Lock Apt. 429,Leslieview,Missouri,82033,-18.861309,32.5813055
Amanda Johnson,18,24529 Sarah Flats,Grantbury,Pennsylvania,55158,29.739019,68.003959
Michele Burgess,23,4923 Karen Gardens Suite 590,North Keith,Wisconsin,09285,2.471172,-84.251145
Robert Edwards,57,60080 Gomez Avenue Suite 302,West Tammychester,Virginia,17069,131.890960,-84.526497
Darren Atkins,54,47149 Santos Turnpike Suite 754,Fostermouth,Arkansas,95914,-48.978265,87.523023
Peter Bell,43,70097 Herrera Crescent Suite 994,Elizabethtown,Tennessee,44697,-136.749883,-2.404394
Ashley Alvarado,62,6608 Smith Expressway Suite 332,Laurenstad,Texas,57922,-1.501620,-21.766143
Brittany Sanders,67,15398 Kramer Harbors,North Nicole,South Carolina,16451,-159.576421,8.3353905
Tonya Odonnell,30,89777 Allen Tunnel Apt. 053,Port Lisa,Louisiana,81097,133.815666,34.7018745
Alicia Brown,52,9813 Crystal Summit,North Nathanland,Missouri,52970,-31.770309,-73.487222
Brian Gray,70,899 Rose Place,East Brandon,Ohio,91186,82.594428,-71.2574925
Stephanie Powell,47,447 Eric Field,Smithmouth,West Virginia,20493,133.852853,-49.1075805
Alyssa Rowe,47,0385 Mcintyre Trafficway,West Duane,Maryland,15173,-106.474149,-7.837643
Wyatt Cobb,39,79527 Medina Shore Apt. 943,Jillianview,Idaho,01592,-48.893269,11.205430
Carrie Shelton,70,9126 Mitchell River,Butlerview,Montana,97490,-73.824620,-30.313009
Mr. Steven Olson,70,29573 Michelle Mews Apt. 151,Port Christinamouth,Nevada,43889,-101.629146,85.4049815
Mrs. Rebecca Holloway,42,742 Mckenzie Manor,South Elizabethfurt,California,77824,93.147121,82.0567705
Danielle Knapp,79,6761 Corey Loaf,Fernandezfurt,Pennsylvania,98819,62.621811,41.6098545
Joshua Fox,65,2272 Angela Cliffs,New Thomasfort,Kentucky,69443,97.192488,-12.9736395
Angela Park,74,379 Mcclain Way,South Billy,Indiana,56095,-53.080316,44.880613
Ann Rogers,18,9973 Todd Islands,Jamiehaven,Vermont,32512,5.006211,-10.103533
Samantha Sharp,43,618 Gonzalez Heights Apt. 998,Veronicaberg,North Dakota,13251,50.240161,0.4397395
Jessica Adams,57,0271 Acosta Forges Suite 458,Lake Benjamintown,Michigan,88338,-52.397887,-44.4448165
Tammy Harrell,64,2184 Rodriguez Estate Apt. 133,New Sarah,Kansas,21192,-137.381195,-48.835632
Russell Sanchez,25,38888 Caroline Underpass,Wyattton,Arizona,57893,-6.616939,-58.111916
Mrs. Deanna Wilson,58,25047 Sydney Hills,Mckinneyview,New York,89126,73.478236,41.740379
James Rodgers DDS,34,5469 Johnson Locks,Paulhaven,Hawaii,50998,-121.894273,-34.0914485
Wanda Williams,54,35885 Alexis Glen Suite 382,East Johnberg,South Dakota,49540,-124.242088,23.8139505
Erica Chandler,33,7950 Johnny Greens Apt. 220,Port Joanna,Nevada,86281,-62.463515,39.5657085
Cheryl Davis,46,59426 Cooper Street Apt. 622,Meganfort,Minnesota,38998,-161.184398,80.583270
Donna Williams,25,5589 Castaneda Square Apt. 049,Port Kelliview,Pennsylvania,59500,-2.624021,-48.289666
Michael Villanueva,54,76360 Bennett Glen,Port Luistown,Kentucky,81124,87.252397,-43.009979
Randy Beard,70,2209 Smith Neck Suite 992,Matthewville,Arizona,17434,-69.851142,-70.121346
Randy Lee,22,283 Griffin Prairie Suite 731,North Anthony,Ohio,21429,47.575667,51.1114675
Amanda White,79,06946 Jonathan Ports Apt. 607,Gillborough,West Virginia,70821,-73.376686,62.440325
Alex Foster,20,28462 Ferguson Well,South Courtneyside,Rhode Island,91566,-135.779152,31.6846345
Tammy Watson,35,612 Wesley Circles,Brownview,Colorado,60214,13.266738,35.8731085
Louis Nguyen,23,1415 Ochoa Fork Apt. 149,New Barbaraville,Montana,14350,21.213897,-36.918411
John Carr,57,70551 Karen Flat Suite 695,North Jeffrey,South Dakota,85226,19.449589,11.8181275
Darryl Jackson,65,23253 Coleman Lodge Suite 775,West Heidi,Arkansas,59131,88.047586,47.599177
Jasmine Kirby,72,799 Morris Fort Suite 870,New Williamhaven,North Dakota,12171,37.937508,4.475940
Nathan Larson,24,0217 Robert Pine Apt. 618,Port Staceyfort,Louisiana,08486,-140.653860,-17.9200075
